-0.088293,0.760636,0.554884,0.325178
-0.088048,0.760530,0.555044,0.325220
-0.087751,0.760404,0.555213,0.325306
-0.087666,0.760324,0.555342,0.325296
-0.087766,0.760277,0.555472,0.325157
-0.087934,0.760380,0.555383,0.325022
-0.088044,0.760594,0.555105,0.324966
-0.088025,0.760765,0.554867,0.324976
-0.087955,0.760872,0.554668,0.325087
-0.087988,0.760978,0.554462,0.325180
-0.088091,0.761015,0.554427,0.325126
-0.088149,0.760960,0.554586,0.324968
-0.088098,0.760855,0.554815,0.324838
-0.087989,0.760690,0.555050,0.324850
-0.087957,0.760594,0.555117,0.324971
-0.088130,0.760559,0.555116,0.325007
-0.088360,0.760596,0.555084,0.324912
-0.088574,0.760617,0.555127,0.324731
-0.088587,0.760606,0.555211,0.324610
-0.088569,0.760607,0.555315,0.324436
-0.088539,0.760675,0.555313,0.324287
-0.088450,0.760825,0.555154,0.324231
-0.088416,0.761023,0.554862,0.324275
-0.088733,0.761219,0.554625,0.324134
-0.089077,0.761488,0.554354,0.323872
-0.089028,0.761638,0.554210,0.323780
-0.088743,0.761568,0.554374,0.323740
-0.088393,0.761410,0.554607,0.323809
-0.088157,0.761369,0.554629,0.323933
-0.088179,0.761425,0.554538,0.323950
-0.088501,0.761642,0.554331,0.323707
-0.088596,0.761897,0.554075,0.323518
-0.088436,0.762024,0.554012,0.323371
-0.088245,0.762089,0.553971,0.323342
-0.088115,0.762184,0.553873,0.323320
-0.088044,0.762292,0.553753,0.323291
-0.087797,0.762468,0.553501,0.323375
-0.087528,0.762594,0.553304,0.323487
-0.087390,0.762778,0.553043,0.323537
-0.087443,0.763017,0.552754,0.323452
-0.087633,0.763276,0.552496,0.323230
-0.087831,0.763446,0.552371,0.322991
-0.087943,0.763536,0.552302,0.322865
-0.087923,0.763532,0.552295,0.322892
-0.087778,0.763526,0.552238,0.323042
-0.087601,0.763424,0.552327,0.323179
-0.087383,0.763239,0.552575,0.323250
-0.087105,0.763034,0.552918,0.323224
-0.086948,0.762851,0.553282,0.323074
-0.086788,0.762770,0.553510,0.322918
-0.086763,0.762820,0.553477,0.322864
-0.087096,0.763053,0.553175,0.322742
-0.087523,0.763288,0.552879,0.322578
-0.087936,0.763525,0.552627,0.322334
-0.088002,0.763569,0.552632,0.322206
-0.087694,0.763398,0.552913,0.322211
-0.087149,0.763188,0.553188,0.322386
-0.086309,0.763047,0.553285,0.322778
-0.085733,0.762915,0.553364,0.323110
-0.085349,0.762882,0.553263,0.323460
-0.085620,0.763036,0.552978,0.323512
-0.086375,0.763323,0.552653,0.323191
-0.087452,0.763781,0.552251,0.322505
-0.087987,0.764153,0.551906,0.322068
-0.088218,0.764364,0.551711,0.321840
-0.088297,0.764417,0.551663,0.321774
-0.088232,0.764394,0.551674,0.321829
-0.088152,0.764340,0.551738,0.321868
-0.088088,0.764254,0.551916,0.321785
-0.087994,0.764230,0.552022,0.321686
-0.087768,0.764313,0.551936,0.321699
-0.087648,0.764340,0.551886,0.321753
-0.087822,0.764414,0.551752,0.321757
-0.088285,0.764684,0.551403,0.321588
-0.088784,0.765121,0.550904,0.321266
-0.088846,0.765383,0.550632,0.321092
-0.088417,0.765391,0.550634,0.321188
-0.088046,0.765290,0.550703,0.321413
-0.088058,0.765234,0.550730,0.321495
-0.088196,0.765300,0.550630,0.321473
-0.088367,0.765398,0.550560,0.321310
-0.088444,0.765279,0.550858,0.321064
-0.088575,0.765012,0.551373,0.320779
-0.088844,0.764996,0.551516,0.320497
-0.089097,0.765153,0.551383,0.320279
-0.089393,0.765423,0.551150,0.319954
-0.089497,0.765621,0.550984,0.319736
-0.089366,0.765797,0.550811,0.319650
-0.089148,0.765889,0.550731,0.319628
-0.088760,0.765923,0.550704,0.319700
-0.088513,0.765875,0.550757,0.319795
-0.088487,0.765827,0.550835,0.319781
-0.088489,0.765926,0.550703,0.319772
-0.088488,0.766161,0.550402,0.319726
-0.088418,0.766354,0.550187,0.319653
-0.088283,0.766544,0.549983,0.319587
-0.088089,0.766576,0.549974,0.319579
-0.087944,0.766496,0.550105,0.319585
-0.087999,0.766429,0.550212,0.319548
-0.088281,0.766409,0.550293,0.319377
-0.088564,0.766526,0.550218,0.319147
-0.088520,0.766595,0.550174,0.319069
-0.088365,0.766546,0.550307,0.319001
-0.088275,0.766438,0.550521,0.318917
-0.088183,0.766214,0.550918,0.318794
-0.088125,0.766113,0.551103,0.318732
-0.088261,0.766116,0.551173,0.318566
-0.088543,0.766263,0.551052,0.318345
-0.088927,0.766491,0.550875,0.317994
-0.089112,0.766658,0.550781,0.317704
-0.088908,0.766781,0.550688,0.317623
-0.088587,0.766789,0.550691,0.317689
-0.088292,0.766711,0.550811,0.317751
-0.088108,0.766657,0.550890,0.317797
-0.088092,0.766647,0.550931,0.317755
-0.088045,0.766630,0.550986,0.317711
-0.088023,0.766618,0.551055,0.317628
-0.087983,0.766538,0.551263,0.317471
-0.087851,0.766377,0.551558,0.317382
-0.087623,0.766190,0.551860,0.317374
-0.087526,0.766117,0.551988,0.317354
-0.087527,0.766160,0.551950,0.317317
-0.087515,0.766203,0.551947,0.317221
-0.087444,0.766291,0.551888,0.317131
-0.087367,0.766252,0.552008,0.317036
-0.087364,0.766335,0.551954,0.316930
-0.087332,0.766441,0.551841,0.316881
-0.087144,0.766555,0.551683,0.316930
-0.086856,0.766547,0.551668,0.317056
-0.086529,0.766535,0.551598,0.317296
-0.086397,0.766563,0.551502,0.317432
-0.086574,0.766689,0.551343,0.317354
-0.086970,0.766936,0.551105,0.317061
-0.087281,0.767190,0.550843,0.316818
-0.087595,0.767378,0.550663,0.316590
-0.087846,0.767475,0.550557,0.316469
-0.088277,0.767564,0.550460,0.316302
-0.088609,0.767699,0.550321,0.316124
-0.088712,0.767786,0.550283,0.315948
-0.088413,0.767631,0.550534,0.315972
-0.087968,0.767339,0.550947,0.316085
-0.087815,0.767170,0.551184,0.316126
-0.088014,0.767192,0.551194,0.315998
-0.088267,0.767334,0.551093,0.315759
-0.088407,0.767444,0.551057,0.315514
-0.088612,0.767499,0.551124,0.315207
-0.088747,0.767652,0.550987,0.315036
-0.088852,0.767897,0.550710,0.314894
-0.088962,0.768112,0.550500,0.314706
-0.088862,0.768226,0.550414,0.314606
-0.088660,0.768166,0.550537,0.314595
-0.088432,0.768119,0.550613,0.314640
-0.088404,0.768156,0.550587,0.314605
-0.088332,0.768290,0.550418,0.314594
-0.088127,0.768368,0.550303,0.314661
-0.087878,0.768399,0.550259,0.314731
-0.087708,0.768314,0.550381,0.314773
-0.087720,0.768189,0.550606,0.314681
-0.087879,0.768033,0.550914,0.314477
-0.088118,0.767891,0.551266,0.314141
-0.088260,0.767884,0.551438,0.313816
-0.088109,0.767890,0.551553,0.313642
-0.087692,0.767945,0.551518,0.313684
-0.087330,0.768031,0.551364,0.313847
-0.087292,0.768233,0.551057,0.313903
-0.087631,0.768475,0.550779,0.313703
-0.088150,0.768728,0.550569,0.313307
-0.088342,0.768921,0.550415,0.313047
-0.087972,0.768871,0.550503,0.313122
-0.087455,0.768652,0.550724,0.313416
-0.087298,0.768515,0.550838,0.313595
-0.087459,0.768466,0.550950,0.313471
-0.087511,0.768234,0.551426,0.313189
-0.087401,0.767679,0.552443,0.312789
-0.087107,0.767235,0.553233,0.312564
-0.086747,0.766824,0.553951,0.312402
-0.086528,0.766653,0.554262,0.312331
-0.086409,0.766649,0.554333,0.312246
-0.086457,0.766816,0.554176,0.312103
-0.086521,0.767078,0.553935,0.311868
-0.086288,0.767390,0.553566,0.311821
-0.085782,0.767727,0.553106,0.311947
-0.085485,0.768046,0.552653,0.312044
-0.085295,0.768132,0.552505,0.312147
-0.085351,0.768139,0.552460,0.312196
-0.085642,0.768236,0.552298,0.312164
-0.085995,0.768283,0.552284,0.311976
-0.086014,0.768114,0.552612,0.311806
-0.085575,0.767603,0.553378,0.311828
-0.085273,0.767017,0.554244,0.311811
-0.085419,0.766432,0.555202,0.311507
-0.085890,0.766155,0.555779,0.311029
-0.086345,0.766123,0.556025,0.310543
-0.086686,0.766247,0.556001,0.310182
-0.087105,0.766403,0.556010,0.309664
-0.087366,0.766598,0.555955,0.309208
-0.087166,0.766681,0.556013,0.308954
-0.086891,0.766691,0.556103,0.308842
-0.086341,0.766790,0.555963,0.309003
-0.085848,0.766863,0.555817,0.309223
-0.085037,0.766850,0.555656,0.309768
-0.084514,0.766663,0.555685,0.310320
-0.084934,0.766550,0.555702,0.310455
-0.086408,0.767092,0.555091,0.309802
-0.088136,0.768032,0.554193,0.308593
-0.088489,0.768664,0.553652,0.307888
-0.087920,0.768784,0.553594,0.307857
-0.087146,0.768578,0.553829,0.308167
-0.087057,0.768422,0.554037,0.308208
-0.087421,0.768273,0.554382,0.307855
-0.087396,0.768192,0.554626,0.307624
-0.086882,0.767921,0.555084,0.307623
-0.086356,0.767771,0.555290,0.307771
-0.085874,0.767770,0.555253,0.307975
-0.085796,0.767946,0.555008,0.308000
-0.086356,0.768155,0.554864,0.307583
-0.086856,0.768332,0.554801,0.307111
-0.087351,0.768489,0.554839,0.306510
-0.087278,0.768629,0.554842,0.306175
-0.086586,0.768635,0.554877,0.306292
-0.085553,0.768584,0.554838,0.306780
-0.084881,0.768505,0.554787,0.307258
-0.084911,0.768689,0.554444,0.307407
-0.085516,0.769063,0.553985,0.307131
-0.086264,0.769386,0.553708,0.306613
-0.086620,0.769421,0.553838,0.306190
-0.086475,0.769264,0.554117,0.306120
-0.086302,0.769011,0.554442,0.306214
-0.086465,0.768739,0.554817,0.306172
-0.086730,0.768654,0.554985,0.306008
-0.086842,0.768632,0.555080,0.305859
-0.086652,0.768477,0.555374,0.305769
-0.086059,0.768333,0.555552,0.305976
-0.085644,0.768258,0.555589,0.306212
-0.085709,0.768149,0.555729,0.306212
-0.085960,0.768293,0.555526,0.306152
-0.086024,0.768442,0.555283,0.306198
-0.086115,0.768485,0.555214,0.306190
-0.086228,0.768524,0.555166,0.306148
-0.086345,0.768540,0.555163,0.306079
-0.086456,0.768441,0.555346,0.305967
-0.086527,0.768251,0.555692,0.305795
-0.086473,0.768054,0.556004,0.305737
-0.086341,0.767830,0.556253,0.305883
-0.086290,0.767745,0.556294,0.306037
-0.086351,0.767774,0.556172,0.306169
-0.086343,0.767880,0.555943,0.306321
-0.086592,0.768004,0.555746,0.306298
-0.087208,0.768240,0.555487,0.306001
-0.087913,0.768639,0.555065,0.305562
-0.088100,0.768922,0.554735,0.305396
-0.087742,0.768878,0.554719,0.305639
-0.087447,0.768627,0.554902,0.306021
-0.087487,0.768502,0.554938,0.306258
-0.087648,0.768417,0.554938,0.306427
-0.087723,0.768308,0.555024,0.306522
-0.087741,0.767971,0.555480,0.306535
-0.087482,0.767629,0.555901,0.306702
-0.087051,0.767286,0.556256,0.307042
-0.086883,0.767091,0.556406,0.307303
-0.087155,0.767079,0.556345,0.307368
-0.087690,0.767294,0.556059,0.307194
-0.088161,0.767668,0.555597,0.306960
-0.088346,0.767909,0.555323,0.306800
-0.088222,0.768026,0.555194,0.306777
-0.087964,0.768065,0.555102,0.306921
-0.087643,0.768055,0.555023,0.307181
-0.087669,0.768074,0.554976,0.307212
-0.087679,0.768159,0.554861,0.307201
-0.087646,0.768240,0.554759,0.307194
-0.087595,0.768266,0.554738,0.307181
-0.087772,0.768469,0.554511,0.307032
-0.087819,0.768688,0.554233,0.306973
-0.087690,0.768878,0.553953,0.307041
-0.087490,0.769063,0.553623,0.307227
-0.087456,0.769343,0.553164,0.307364
-0.087678,0.769639,0.552740,0.307321
-0.087830,0.769961,0.552283,0.307293
-0.087713,0.770161,0.551973,0.307385
-0.087421,0.770380,0.551568,0.307644
-0.086944,0.770455,0.551343,0.307993
-0.086285,0.770363,0.551314,0.308462
-0.085693,0.770221,0.551362,0.308895
-0.085322,0.770137,0.551382,0.309172
-0.085024,0.770132,0.551282,0.309444
-0.084909,0.770219,0.551088,0.309605
-0.085064,0.770381,0.550833,0.309614
-0.085144,0.770451,0.550696,0.309660
-0.085159,0.770457,0.550615,0.309786
-0.085181,0.770483,0.550503,0.309914
-0.085246,0.770632,0.550179,0.310103
-0.085254,0.770734,0.549918,0.310308
-0.085315,0.770858,0.549607,0.310533
-0.085445,0.770962,0.549349,0.310699
-0.085574,0.771083,0.549067,0.310861
-0.085604,0.771001,0.549123,0.310956
-0.085409,0.770806,0.549311,0.311162
-0.085135,0.770574,0.549526,0.311431
-0.084900,0.770379,0.549675,0.311715
-0.084763,0.770194,0.549791,0.312006
-0.084808,0.770064,0.549864,0.312183
-0.085060,0.769904,0.550027,0.312222
-0.085574,0.769774,0.550227,0.312051
-0.086530,0.769593,0.550632,0.311518
-0.087220,0.769413,0.551051,0.311029
-0.087632,0.769069,0.551668,0.310670
-0.087689,0.768813,0.552052,0.310607
-0.087888,0.768558,0.552411,0.310542
-0.088145,0.768489,0.552520,0.310446
-0.088441,0.768507,0.552566,0.310235
-0.088570,0.768416,0.552808,0.309994
-0.088463,0.768114,0.553333,0.309835
-0.088362,0.767904,0.553680,0.309764
-0.088497,0.767915,0.553704,0.309656
-0.088882,0.768160,0.553402,0.309477
-0.089316,0.768381,0.553200,0.309166
-0.089555,0.768618,0.552978,0.308903
-0.089491,0.768728,0.552876,0.308830
-0.089571,0.768708,0.553006,0.308626
-0.089716,0.768663,0.553158,0.308424
-0.089451,0.768599,0.553234,0.308523
-0.089010,0.768422,0.553398,0.308798
-0.088583,0.768108,0.553761,0.309051
-0.088273,0.767785,0.554194,0.309165
-0.088134,0.767513,0.554616,0.309124
-0.088031,0.767348,0.554937,0.308987
-0.087845,0.767200,0.555206,0.308923
-0.087510,0.767099,0.555331,0.309045
-0.087220,0.767166,0.555177,0.309236
-0.087001,0.767303,0.554917,0.309425
-0.086924,0.767353,0.554834,0.309473
-0.086871,0.767311,0.554925,0.309429
-0.086711,0.767109,0.555267,0.309361
-0.086569,0.766910,0.555638,0.309227
-0.086373,0.766817,0.555824,0.309178
-0.085954,0.766798,0.555804,0.309377
-0.085762,0.766963,0.555500,0.309568
-0.085890,0.767319,0.554966,0.309610
-0.085969,0.767710,0.554369,0.309688
-0.086048,0.767897,0.554111,0.309664
-0.086007,0.768023,0.553914,0.309712
-0.085760,0.768085,0.553735,0.309947
-0.085646,0.767985,0.553783,0.310144
-0.085833,0.767872,0.553913,0.310137
-0.086129,0.767694,0.554161,0.310053
-0.086369,0.767488,0.554494,0.309903
-0.086370,0.767153,0.555020,0.309788
-0.086172,0.766926,0.555341,0.309831
-0.086098,0.766987,0.555202,0.309951
-0.086179,0.767174,0.554866,0.310067
-0.086567,0.767566,0.554261,0.310071
-0.087051,0.767957,0.553706,0.309957
-0.087390,0.768268,0.553271,0.309867
-0.087534,0.768287,0.553268,0.309786
-0.087575,0.768130,0.553512,0.309726
-0.087552,0.767940,0.553745,0.309790
-0.087692,0.767740,0.553974,0.309836
-0.088151,0.767491,0.554286,0.309766
-0.088689,0.767422,0.554393,0.309590
-0.089389,0.767415,0.554515,0.309188
-0.089958,0.767396,0.554718,0.308704
-0.090392,0.767357,0.554979,0.308205
-0.090654,0.767278,0.555243,0.307850
-0.090768,0.767170,0.555497,0.307627
-0.090755,0.767281,0.555356,0.307608
-0.090672,0.767501,0.555022,0.307685
-0.090521,0.767627,0.554824,0.307774
-0.090307,0.767780,0.554598,0.307863
-0.090195,0.767868,0.554532,0.307794
-0.090118,0.767934,0.554527,0.307661
-0.089966,0.768004,0.554512,0.307560
-0.089716,0.767992,0.554539,0.307613
-0.089722,0.767974,0.554586,0.307572
-0.089916,0.768037,0.554532,0.307455
-0.090380,0.768260,0.554338,0.307112
-0.090779,0.768435,0.554244,0.306725
-0.090867,0.768590,0.554146,0.306490
-0.090373,0.768606,0.554111,0.306657
-0.089788,0.768482,0.554233,0.306919
-0.089422,0.768458,0.554224,0.307101
-0.089094,0.768613,0.553981,0.307249
-0.089054,0.768829,0.553728,0.307175
-0.089306,0.768935,0.553708,0.306873
-0.089702,0.769051,0.553736,0.306417
-0.089867,0.769052,0.553867,0.306128
-0.089556,0.768814,0.554260,0.306107
-0.089019,0.768492,0.554640,0.306382
-0.088643,0.768227,0.554933,0.306626
-0.088557,0.768198,0.554959,0.306677
-0.088535,0.768141,0.555101,0.306568
-0.088368,0.768055,0.555312,0.306449
-0.088102,0.767975,0.555512,0.306364
-0.087872,0.767858,0.555695,0.306391
-0.087918,0.767957,0.555564,0.306367
-0.088331,0.768191,0.555288,0.306163
-0.088706,0.768525,0.554902,0.305915
-0.088717,0.768790,0.554597,0.305800
-0.088527,0.768797,0.554643,0.305753
-0.087967,0.768704,0.554755,0.305944
-0.087309,0.768628,0.554773,0.306293
-0.086928,0.768452,0.554946,0.306530
-0.087156,0.768513,0.554883,0.306425
-0.087773,0.768862,0.554527,0.306019
-0.088095,0.769081,0.554349,0.305698
-0.088235,0.769236,0.554236,0.305470
-0.088171,0.769295,0.554170,0.305462
-0.087990,0.769415,0.553916,0.305672
-0.087749,0.769646,0.553456,0.305994
-0.087408,0.769904,0.552920,0.306410
-0.087159,0.769894,0.552808,0.306709
-0.087065,0.769756,0.552967,0.306795
-0.087150,0.769552,0.553293,0.306695
-0.087143,0.769393,0.553572,0.306592
-0.086873,0.769130,0.553950,0.306646
-0.086628,0.768909,0.554224,0.306774
-0.086666,0.768660,0.554552,0.306794
-0.087122,0.768573,0.554737,0.306548
-0.087869,0.768625,0.554826,0.306044
-0.088349,0.768696,0.554898,0.305597
-0.088676,0.768729,0.555034,0.305171
-0.088504,0.768669,0.555143,0.305173
-0.088170,0.768720,0.554986,0.305427
-0.088080,0.768943,0.554581,0.305630
-0.088295,0.769276,0.554065,0.305664
-0.088629,0.769521,0.553752,0.305518
-0.089005,0.769613,0.553729,0.305219
-0.089171,0.769722,0.553660,0.305021
-0.089286,0.769651,0.553834,0.304850
-0.089310,0.769513,0.554050,0.304799
-0.089204,0.769472,0.554050,0.304933
-0.089561,0.769472,0.554074,0.304785
-0.090083,0.769561,0.554050,0.304449
-0.090434,0.769587,0.554177,0.304050
-0.090428,0.769421,0.554551,0.303787
-0.090125,0.769055,0.555138,0.303734
-0.089955,0.768900,0.555353,0.303783
-0.090017,0.769046,0.555107,0.303845
-0.090336,0.769343,0.554705,0.303732
-0.090560,0.769609,0.554388,0.303570
-0.090736,0.769764,0.554276,0.303330
-0.090738,0.769733,0.554412,0.303159
-0.090506,0.769648,0.554577,0.303142
-0.089888,0.769551,0.554624,0.303485
-0.089280,0.769415,0.554692,0.303885
-0.089158,0.769568,0.554420,0.304031
-0.089340,0.769853,0.554051,0.303928
-0.089613,0.770066,0.553852,0.303670
-0.089980,0.770157,0.553909,0.303226
-0.090107,0.770125,0.554062,0.302991
-0.090087,0.770034,0.554194,0.302987
-0.090027,0.769907,0.554301,0.303131
-0.090231,0.769786,0.554439,0.303126
-0.090596,0.769705,0.554622,0.302887
-0.090637,0.769578,0.554885,0.302718
-0.090630,0.769221,0.555506,0.302486
-0.090726,0.769024,0.555874,0.302285
-0.090963,0.768884,0.556141,0.302075
-0.091343,0.768902,0.556203,0.301804
-0.091598,0.768918,0.556265,0.301569
-0.091770,0.769006,0.556228,0.301360
-0.091775,0.769024,0.556279,0.301221
-0.091731,0.768968,0.556437,0.301084
-0.091513,0.768965,0.556512,0.301019
-0.091205,0.769030,0.556453,0.301058
-0.090581,0.769191,0.556168,0.301359
-0.090067,0.769267,0.555977,0.301671
-0.089918,0.769387,0.555762,0.301806
-0.090106,0.769705,0.555348,0.301703
-0.090328,0.769866,0.555247,0.301410
-0.090187,0.769752,0.555555,0.301177
-0.089754,0.769559,0.555877,0.301204
-0.089493,0.769505,0.555962,0.301263
-0.089625,0.769581,0.555872,0.301196
-0.089922,0.769783,0.555638,0.301024
-0.090037,0.769951,0.555450,0.300905
-0.090030,0.769953,0.555530,0.300755
-0.089911,0.769893,0.555686,0.300657
-0.089758,0.769914,0.555708,0.300608
-0.089687,0.770006,0.555602,0.300589
-0.089570,0.770174,0.555349,0.300661
-0.089394,0.770314,0.555084,0.300844
-0.089620,0.770518,0.554820,0.300740
-0.089844,0.770787,0.554529,0.300522
-0.089714,0.770846,0.554505,0.300453
-0.089264,0.770861,0.554476,0.300601
-0.088789,0.770805,0.554490,0.300862
-0.088503,0.770827,0.554380,0.301093
-0.088468,0.770925,0.554177,0.301225
-0.088866,0.771003,0.554087,0.301074
-0.089251,0.771037,0.554123,0.300805
-0.089641,0.770883,0.554519,0.300354
-0.089665,0.770619,0.555025,0.300089
-0.089291,0.770409,0.555365,0.300110
-0.088743,0.770332,0.555396,0.300413
-0.088266,0.770400,0.555199,0.300745
-0.087949,0.770648,0.554739,0.301052
-0.087871,0.770906,0.554347,0.301134
-0.087946,0.771047,0.554221,0.300985
-0.088033,0.771118,0.554211,0.300793
-0.088159,0.771187,0.554208,0.300588
-0.088123,0.771155,0.554280,0.300546
-0.088067,0.771156,0.554252,0.300612
-0.088185,0.771198,0.554183,0.300598
-0.088336,0.771269,0.554098,0.300526
-0.088397,0.771258,0.554171,0.300403
-0.088351,0.771204,0.554341,0.300242
-0.088036,0.771078,0.554547,0.300277
-0.087622,0.770986,0.554631,0.300479
-0.087887,0.770988,0.554673,0.300319
-0.088439,0.771241,0.554419,0.299977
-0.088902,0.771484,0.554212,0.299596
-0.088918,0.771631,0.554092,0.299435
-0.088528,0.771696,0.554014,0.299528
-0.088152,0.771662,0.554015,0.299724
-0.087957,0.771601,0.554030,0.299911
-0.088019,0.771540,0.554104,0.299911
-0.087888,0.771425,0.554294,0.299894
-0.087280,0.771146,0.554659,0.300116
-0.086583,0.770809,0.555100,0.300368
-0.086265,0.770636,0.555364,0.300415
-0.086184,0.770687,0.555328,0.300374
-0.086345,0.770951,0.555016,0.300228
-0.086590,0.771141,0.554814,0.300044
-0.087160,0.771287,0.554745,0.299630
-0.087779,0.771323,0.554858,0.299146
-0.088241,0.771336,0.555022,0.298671
-0.088317,0.771254,0.555241,0.298453
-0.088155,0.771020,0.555640,0.298363
-0.088106,0.770919,0.555833,0.298281
-0.087633,0.771044,0.555591,0.298547
-0.087448,0.771081,0.555524,0.298629
-0.087379,0.771237,0.555324,0.298620
-0.087176,0.771475,0.554942,0.298776
-0.087105,0.771702,0.554592,0.298859
-0.087088,0.771909,0.554289,0.298892
-0.087056,0.772054,0.554083,0.298906
-0.086926,0.772241,0.553780,0.299023
-0.086726,0.772312,0.553589,0.299252
-0.086561,0.772369,0.553383,0.299534
-0.086807,0.772417,0.553269,0.299551
-0.087315,0.772629,0.552956,0.299434
-0.087689,0.772784,0.552762,0.299283
-0.087852,0.772842,0.552711,0.299180
-0.087738,0.772526,0.553197,0.299131
-0.087240,0.772053,0.553781,0.299416
-0.086983,0.771830,0.553961,0.299732
-0.087240,0.771797,0.553924,0.299812
-0.087625,0.772013,0.553594,0.299752
-0.088123,0.772135,0.553483,0.299497
-0.088553,0.772239,0.553411,0.299236
-0.088783,0.772330,0.553324,0.299093
-0.089031,0.772366,0.553312,0.298950
-0.088962,0.772267,0.553418,0.299029
-0.088614,0.772099,0.553580,0.299266
-0.088260,0.771955,0.553702,0.299516
-0.087938,0.772013,0.553510,0.299815
-0.087979,0.772164,0.553263,0.299870
-0.088498,0.772270,0.553195,0.299572
-0.089173,0.772280,0.553316,0.299121
-0.089804,0.772320,0.553386,0.298700
-0.090251,0.772302,0.553508,0.298385
-0.090534,0.772325,0.553574,0.298117
-0.090470,0.772316,0.553647,0.298024
-0.090265,0.772312,0.553705,0.297990
-0.089980,0.772342,0.553671,0.298058
-0.089981,0.772277,0.553869,0.297859
-0.089892,0.772127,0.554176,0.297706
-0.089714,0.772013,0.554384,0.297669
-0.089603,0.772120,0.554263,0.297649
-0.089468,0.772428,0.553821,0.297713
-0.089530,0.772801,0.553331,0.297639
-0.089539,0.773162,0.552839,0.297610
-0.089493,0.773525,0.552377,0.297539
-0.089270,0.773652,0.552240,0.297531
-0.088829,0.773435,0.552583,0.297590
-0.088499,0.773045,0.553153,0.297644
-0.088324,0.772785,0.553532,0.297666
-0.088253,0.772771,0.553543,0.297703
-0.088281,0.772849,0.553426,0.297710
-0.088498,0.772971,0.553278,0.297603
-0.088585,0.773074,0.553113,0.297618
-0.088832,0.773121,0.553072,0.297498
-0.089168,0.773104,0.553185,0.297231
-0.089278,0.773031,0.553345,0.297090
-0.089083,0.772778,0.553687,0.297168
-0.088580,0.772204,0.554434,0.297419
-0.087810,0.771748,0.554962,0.297846
-0.086704,0.770986,0.555872,0.298444
-0.086088,0.770480,0.556502,0.298758
-0.086047,0.770236,0.556878,0.298695
-0.086230,0.770504,0.556536,0.298589
-0.086746,0.771011,0.555858,0.298395
-0.087313,0.771485,0.555202,0.298226
-0.087968,0.771931,0.554636,0.297931
-0.088228,0.772100,0.554474,0.297718
-0.087785,0.771792,0.554915,0.297825
-0.086855,0.771214,0.555614,0.298295
-0.086015,0.770552,0.556365,0.298845
-0.085997,0.770258,0.556696,0.298993
-0.086532,0.770365,0.556580,0.298780
-0.087869,0.770656,0.556446,0.297886
-0.089089,0.770991,0.556373,0.296792
-0.090025,0.771425,0.556354,0.295413
-0.090143,0.771631,0.556580,0.294413
-0.089915,0.771430,0.557481,0.293301
-0.089254,0.770766,0.558886,0.292574
-0.087703,0.769190,0.561317,0.292537
-0.086866,0.767623,0.563477,0.292751
-0.086701,0.766390,0.564976,0.293141
-0.087756,0.766129,0.565342,0.292801
-0.089163,0.767119,0.564224,0.291939
-0.089526,0.768381,0.562977,0.290918
-0.087825,0.769627,0.561970,0.290087
-0.084214,0.770108,0.561745,0.290320
-0.078729,0.770205,0.561578,0.291919
-0.074503,0.770457,0.560790,0.293872
-0.071672,0.771229,0.559068,0.295825
-0.070870,0.772103,0.557402,0.296879
-0.070822,0.772901,0.555915,0.297603
-0.070904,0.773174,0.555258,0.298099
-0.071161,0.773246,0.554827,0.298653
-0.071871,0.773373,0.554415,0.298921
-0.073226,0.773580,0.553997,0.298832
-0.074450,0.773604,0.553948,0.298557
-0.075591,0.773149,0.554600,0.298238
-0.076491,0.772571,0.555378,0.298058
-0.077641,0.772008,0.556085,0.297902
-0.079112,0.771631,0.556583,0.297559
-0.079771,0.771550,0.556557,0.297644
-0.079571,0.771362,0.556403,0.298471
-0.079496,0.771054,0.556431,0.299234
-0.080066,0.770953,0.556219,0.299736
-0.080869,0.771230,0.555634,0.299892
-0.081779,0.771730,0.554805,0.299894
-0.082219,0.771931,0.554395,0.300014
-0.082212,0.771833,0.554191,0.300645
-0.082502,0.771756,0.553932,0.301241
-0.083757,0.771833,0.553574,0.301355
-0.084957,0.772197,0.552956,0.301220
-0.085505,0.772554,0.552246,0.301452
-0.085340,0.772523,0.551977,0.302072
-0.085141,0.772124,0.552126,0.302873
-0.085444,0.771778,0.552307,0.303340
-0.086581,0.771246,0.552899,0.303291
-0.088063,0.770541,0.553957,0.302728
-0.088982,0.769901,0.554962,0.302244
-0.089363,0.768912,0.556366,0.302069
-0.089301,0.767890,0.557643,0.302331
-0.089551,0.766789,0.558954,0.302630
-0.090565,0.766141,0.559828,0.302356
-0.091827,0.765710,0.560583,0.301666
-0.092533,0.765490,0.561133,0.300984
-0.092583,0.765035,0.562001,0.300508
-0.092050,0.764383,0.562943,0.300565
-0.091649,0.763585,0.563956,0.300819
-0.091946,0.763398,0.564105,0.300924
-0.092733,0.763791,0.563510,0.300800
-0.093527,0.764288,0.562916,0.300404
-0.094010,0.764709,0.562461,0.300034
-0.094102,0.764758,0.562482,0.299842
-0.094220,0.764747,0.562521,0.299758
-0.094352,0.764836,0.562356,0.299799
-0.094653,0.765130,0.561879,0.299848
-0.095046,0.765310,0.561584,0.299816
-0.095362,0.765290,0.561616,0.299709
-0.095841,0.765078,0.562011,0.299356
-0.096116,0.764875,0.562399,0.299057
-0.096033,0.764715,0.562643,0.299034
-0.095628,0.764515,0.562782,0.299414
-0.095558,0.764118,0.563160,0.299737
-0.096106,0.763812,0.563534,0.299642
-0.097052,0.763626,0.563890,0.299140
-0.097843,0.763701,0.564005,0.298474
-0.097919,0.763810,0.564047,0.298090
-0.097396,0.763951,0.563862,0.298248
-0.096949,0.764186,0.563395,0.298675
-0.097450,0.764593,0.562739,0.298708
-0.098802,0.765297,0.561812,0.298204
-0.099980,0.765857,0.561202,0.297523
-0.100589,0.765882,0.561413,0.296854
-0.099898,0.765332,0.562256,0.296911
-0.098679,0.764618,0.563159,0.297446
-0.097365,0.763671,0.564273,0.298197
-0.096672,0.762887,0.565210,0.298657
-0.096465,0.762399,0.565819,0.298817
-0.096910,0.762176,0.566277,0.298373
-0.097511,0.762055,0.566825,0.297444
-0.097567,0.762239,0.566871,0.296865
-0.097267,0.762555,0.566636,0.296602
-0.097126,0.762763,0.566417,0.296531
-0.097497,0.763011,0.566172,0.296240
-0.098293,0.763412,0.565793,0.295666
-0.099327,0.763998,0.565283,0.294782
-0.099842,0.764361,0.565074,0.294067
-0.099427,0.764534,0.565050,0.293803
-0.098362,0.764586,0.564974,0.294173
-0.096862,0.764666,0.564660,0.295064
-0.096284,0.764930,0.564155,0.295535
-0.096354,0.765319,0.563615,0.295533
-0.096665,0.765772,0.563138,0.295172
-0.096792,0.765901,0.563160,0.294752
-0.096527,0.765949,0.563260,0.294521
-0.095784,0.765808,0.563446,0.294774
-0.095070,0.765485,0.563783,0.295201
-0.094484,0.765179,0.564051,0.295670
-0.094033,0.764742,0.564561,0.295971
-0.093643,0.764424,0.564978,0.296120
-0.092938,0.764057,0.565457,0.296375
-0.092334,0.763713,0.565902,0.296601
-0.092125,0.763504,0.566207,0.296621
-0.092420,0.763546,0.566202,0.296431
-0.093127,0.763942,0.565696,0.296153
-0.093928,0.764263,0.565278,0.295872
-0.094917,0.764454,0.565069,0.295463
-0.095426,0.764485,0.565076,0.295204
-0.095457,0.764379,0.565244,0.295148
-0.095198,0.764047,0.565725,0.295171
-0.094867,0.763618,0.566353,0.295180
-0.094734,0.763130,0.567036,0.295174
-0.095066,0.762851,0.567401,0.295088
-0.095760,0.762908,0.567260,0.294988
-0.096736,0.763402,0.566565,0.294727
-0.097760,0.764341,0.565311,0.294362
-0.098052,0.765014,0.564386,0.294293
-0.097732,0.765395,0.563764,0.294601
-0.097514,0.765599,0.563381,0.294873
-0.097767,0.765882,0.562951,0.294876
-0.097975,0.766210,0.562510,0.294799
-0.098013,0.766439,0.562193,0.294796
-0.097921,0.766322,0.562316,0.294896
-0.097290,0.765928,0.562610,0.295564
-0.096786,0.765493,0.562890,0.296323
-0.096865,0.765107,0.563091,0.296912
-0.097321,0.764960,0.563054,0.297213
-0.097707,0.764712,0.563323,0.297215
-0.097659,0.763724,0.564700,0.297158
-0.096985,0.762338,0.566549,0.297418
-0.096061,0.760546,0.568851,0.297909
-0.095255,0.759046,0.570714,0.298432
-0.094394,0.757691,0.572293,0.299123
-0.093643,0.756787,0.573270,0.299775
-0.093208,0.755973,0.574156,0.300269
-0.093381,0.755547,0.574663,0.300320
-0.094271,0.755571,0.574691,0.299926
-0.095292,0.755932,0.574304,0.299435
-0.096480,0.756604,0.573491,0.298915
-0.097311,0.757127,0.572823,0.298603
-0.097907,0.757402,0.572430,0.298463
-0.098235,0.757221,0.572639,0.298414
-0.098075,0.756864,0.573038,0.298606
-0.097836,0.756598,0.573324,0.298808
-0.097485,0.756595,0.573236,0.299101
-0.097235,0.756679,0.573035,0.299354
-0.097409,0.756991,0.572536,0.299464
-0.098251,0.757525,0.571850,0.299149
-0.099749,0.758401,0.570839,0.298363
-0.100929,0.759148,0.570019,0.297634
-0.101761,0.759658,0.569535,0.296975
-0.101919,0.759871,0.569309,0.296811
-0.102000,0.760071,0.569010,0.296844
-0.102425,0.760307,0.568693,0.296699
-0.102875,0.760730,0.568157,0.296485
-0.102791,0.760935,0.567887,0.296508
-0.102392,0.760981,0.567772,0.296749
-0.102032,0.760941,0.567769,0.296980
-0.101644,0.760897,0.567778,0.297209
-0.101218,0.760864,0.567743,0.297503
-0.100837,0.760731,0.567841,0.297786
-0.100480,0.760586,0.567964,0.298044
-0.100206,0.760480,0.568114,0.298121
-0.099513,0.760253,0.568432,0.298325
-0.098772,0.760039,0.568709,0.298590
-0.098115,0.760003,0.568697,0.298919
-0.097935,0.760108,0.568518,0.299052
-0.098311,0.760479,0.568043,0.298888
-0.099146,0.761042,0.567400,0.298399
-0.100431,0.761729,0.566737,0.297477
-0.101477,0.762334,0.566199,0.296594
-0.102228,0.762983,0.565620,0.295773
-0.102336,0.763456,0.565138,0.295434
-0.101897,0.763658,0.564899,0.295521
-0.101466,0.763496,0.565095,0.295714
-0.101338,0.763294,0.565373,0.295745
-0.101168,0.763081,0.565708,0.295714
-0.100923,0.762918,0.565990,0.295681
-0.100331,0.762562,0.566557,0.295715
-0.099769,0.761982,0.567424,0.295736
-0.099292,0.761378,0.568355,0.295665
-0.099177,0.761129,0.568838,0.295416
-0.099472,0.761086,0.569193,0.294743
-0.099771,0.761162,0.569443,0.293961
-0.099762,0.761224,0.569761,0.293187
-0.099398,0.761294,0.569907,0.292843
-0.098954,0.761523,0.569770,0.292665
-0.098827,0.761813,0.569526,0.292428
-0.098788,0.762235,0.569183,0.292008
-0.098547,0.762533,0.569002,0.291665
-0.098200,0.762689,0.569097,0.291191
-0.097865,0.762689,0.569482,0.290547
-0.097511,0.762664,0.569844,0.290023
-0.096942,0.762996,0.569695,0.289631
-0.096420,0.763374,0.569378,0.289434
-0.095957,0.763787,0.569018,0.289207
-0.095546,0.764100,0.568737,0.289068
-0.095124,0.764404,0.568477,0.288915
-0.094732,0.764534,0.568417,0.288818
-0.094229,0.764623,0.568397,0.288786
-0.093826,0.764731,0.568309,0.288803
-0.093233,0.764953,0.568017,0.288982
-0.092757,0.765293,0.567493,0.289267
-0.092119,0.765417,0.567134,0.289846
-0.091683,0.765238,0.567140,0.290443
-0.092065,0.765035,0.567205,0.290729
-0.093042,0.765031,0.567169,0.290499
-0.094631,0.765458,0.566811,0.289559
-0.095312,0.765927,0.566415,0.288869
-0.094810,0.766166,0.566219,0.288785
-0.093674,0.765834,0.566600,0.289289
-0.092727,0.765177,0.567287,0.289984
-0.092221,0.764581,0.567729,0.290853
-0.092772,0.764255,0.567926,0.291150
-0.094139,0.764333,0.567620,0.291103
-0.095521,0.764750,0.566912,0.290936
-0.097196,0.765151,0.566223,0.290668
-0.098932,0.765537,0.565609,0.290261
-0.101304,0.766113,0.564824,0.289453
-0.103717,0.766875,0.563988,0.288207
-0.106197,0.768073,0.562852,0.286328
-0.106581,0.769079,0.561923,0.285306
-0.104470,0.769643,0.561340,0.285715
-0.101745,0.769684,0.561115,0.287026
-0.099384,0.769568,0.560909,0.288563
-0.098407,0.769639,0.560566,0.289375
-0.097548,0.769873,0.559981,0.290176
-0.096529,0.769896,0.559665,0.291065
-0.095555,0.769842,0.559321,0.292185
-0.094960,0.769919,0.558811,0.293150
-0.094763,0.770252,0.557971,0.293938
-0.095033,0.770643,0.557235,0.294223
-0.095543,0.771234,0.556295,0.294287
-0.096295,0.771965,0.555298,0.294011
-0.096938,0.772632,0.554397,0.293745
-0.097343,0.773491,0.553116,0.293766
-0.097463,0.774221,0.551804,0.294270
-0.097797,0.774561,0.550819,0.295111
-0.098612,0.774710,0.550162,0.295672
-0.100811,0.774293,0.550520,0.295356
-0.103345,0.773052,0.552446,0.294134
-0.104948,0.771473,0.554853,0.293178
-0.105227,0.770253,0.556560,0.293051
-0.105778,0.769455,0.557610,0.292952
-0.106866,0.769318,0.557908,0.292350
-0.107802,0.769329,0.558105,0.291599
-0.108030,0.769020,0.558685,0.291218
-0.108048,0.768417,0.559629,0.290991
-0.108167,0.767971,0.560285,0.290862
-0.108398,0.767632,0.560765,0.290749
-0.108819,0.767346,0.561176,0.290552
-0.109484,0.767179,0.561487,0.290141
-0.110358,0.767281,0.561454,0.289604
-0.111011,0.767756,0.560873,0.289220
-0.111608,0.768330,0.560181,0.288808
-0.111924,0.768702,0.559806,0.288424
-0.111473,0.768981,0.559492,0.288463
-0.110741,0.769300,0.559035,0.288780
-0.109955,0.769828,0.558242,0.289206
-0.109487,0.770191,0.557718,0.289430
-0.109008,0.770527,0.557234,0.289649
-0.108465,0.770697,0.556981,0.289886
-0.107809,0.770841,0.556737,0.290217
-0.107409,0.770911,0.556605,0.290431
-0.107290,0.770963,0.556528,0.290483
-0.107426,0.771095,0.556364,0.290401
-0.107583,0.771297,0.556090,0.290328
-0.107396,0.771546,0.555726,0.290434
-0.106704,0.771645,0.555501,0.290856
-0.105653,0.771862,0.554974,0.291668
-0.104627,0.772037,0.554423,0.292621
-0.103413,0.772260,0.553674,0.293879
-0.102364,0.772497,0.552923,0.295036
-0.101321,0.772734,0.552045,0.296418
-0.101144,0.773044,0.551129,0.297370
-0.101833,0.773375,0.550206,0.297983
-0.102785,0.773389,0.549885,0.298214
-0.104188,0.772889,0.550303,0.298252
-0.105190,0.772548,0.550423,0.298561
-0.106638,0.772391,0.550237,0.298798
-0.108050,0.772406,0.549853,0.298958
-0.109619,0.772232,0.549679,0.299156
-0.110914,0.771966,0.549673,0.299378
-0.112589,0.771591,0.549773,0.299534
-0.114369,0.771292,0.549928,0.299345
-0.116770,0.770680,0.550666,0.298637
-0.118594,0.770038,0.551474,0.298081
-0.119818,0.769548,0.552088,0.297722
-0.121360,0.769128,0.552659,0.297123
-0.122834,0.769011,0.552875,0.296418
-0.124741,0.768933,0.553097,0.295406
-0.126279,0.768841,0.553320,0.294575
-0.127779,0.768689,0.553651,0.293702
-0.128788,0.768548,0.553947,0.293072
-0.129455,0.768474,0.554138,0.292609
-0.129526,0.768477,0.554161,0.292527
-0.129304,0.768391,0.554291,0.292606
-0.129054,0.768289,0.554440,0.292700
-0.129017,0.768365,0.554401,0.292589
-0.129405,0.768547,0.554284,0.292164
-0.130495,0.768735,0.554240,0.291264
-0.131952,0.769090,0.553947,0.290227
-0.133816,0.769600,0.553448,0.288973
-0.135083,0.770130,0.552845,0.288121
-0.135829,0.770539,0.552387,0.287556
-0.136003,0.770697,0.552233,0.287347
-0.135778,0.770763,0.552202,0.287335
-0.135192,0.770907,0.552036,0.287544
-0.134383,0.771296,0.551495,0.287918
-0.134052,0.771756,0.550829,0.288116
-0.134197,0.772363,0.549934,0.288132
-0.134926,0.773017,0.548982,0.287850
-0.136122,0.773878,0.547774,0.287275
-0.137458,0.774614,0.546789,0.286531
-0.138381,0.775141,0.546085,0.286004
-0.139133,0.775522,0.545571,0.285588
-0.139500,0.775797,0.545152,0.285462
-0.139874,0.775859,0.545001,0.285398
-0.140084,0.775848,0.544932,0.285457
-0.140171,0.775721,0.545014,0.285601
-0.140361,0.775486,0.545324,0.285556
-0.140630,0.775224,0.545768,0.285286
-0.140588,0.775052,0.546140,0.285064
-0.140210,0.774802,0.546658,0.284935
-0.139706,0.774630,0.547023,0.284951
-0.138844,0.774597,0.547156,0.285206
-0.137899,0.774686,0.547060,0.285606
-0.136731,0.774956,0.546655,0.286209
-0.135794,0.775320,0.546075,0.286778
-0.134706,0.775838,0.545232,0.287493
-0.133990,0.776076,0.544847,0.287915
-0.133430,0.776082,0.544845,0.288161
-0.132963,0.775927,0.545069,0.288372
-0.132257,0.775456,0.545727,0.288720
-0.131594,0.774773,0.546700,0.289014
-0.131114,0.774162,0.547608,0.289152
-0.130535,0.773659,0.548400,0.289256
-0.129921,0.773424,0.548796,0.289411
-0.128993,0.773336,0.548949,0.289772
-0.128148,0.773328,0.548924,0.290213
-0.127459,0.773354,0.548810,0.290663
-0.127102,0.773482,0.548562,0.290949
-0.126900,0.773797,0.548077,0.291114
-0.126800,0.774167,0.547577,0.291114
-0.126555,0.774569,0.547058,0.291126
-0.126304,0.774763,0.546825,0.291157
-0.126157,0.774847,0.546744,0.291150
-0.126229,0.774871,0.546729,0.291082
-0.126353,0.774905,0.546718,0.290959
-0.126468,0.774887,0.546818,0.290769
-0.126572,0.774757,0.547170,0.290407
-0.126400,0.774670,0.547457,0.290174
-0.126014,0.774453,0.547931,0.290024
-0.126028,0.774183,0.548479,0.289704
-0.126223,0.774022,0.548958,0.289141
-0.126099,0.774024,0.549230,0.288673
-0.125718,0.773963,0.549715,0.288080
-0.125180,0.773835,0.550330,0.287481
-0.124283,0.773668,0.551150,0.286749
-0.123251,0.773629,0.551722,0.286199
-0.121815,0.773732,0.552124,0.285761
-0.120682,0.774026,0.552094,0.285503
-0.119677,0.774552,0.551742,0.285180
-0.119094,0.775292,0.551030,0.284788
-0.118717,0.776165,0.550210,0.284152
-0.118752,0.776646,0.549890,0.283443
-0.118759,0.777236,0.549324,0.282919
-0.118389,0.777884,0.548590,0.282717
-0.117935,0.778577,0.547982,0.282179
-0.117624,0.779864,0.546900,0.280852
-0.116567,0.780900,0.546105,0.279958
-0.114492,0.781597,0.545814,0.279436
-0.112739,0.781635,0.546277,0.279139
-0.111691,0.781213,0.547480,0.278382
-0.111469,0.780693,0.548787,0.277354
-0.110719,0.779411,0.551297,0.276281
-0.108732,0.777856,0.554115,0.275816
-0.104407,0.776117,0.557096,0.276380
-0.099474,0.774976,0.558912,0.277731
-0.094013,0.774069,0.560240,0.279481
-0.090646,0.773784,0.560684,0.280490
-0.088837,0.774614,0.559788,0.280567
-0.088383,0.776302,0.557739,0.280126
-0.088913,0.778746,0.554562,0.279483
-0.090546,0.780869,0.551711,0.278674
-0.093655,0.783367,0.548418,0.277134
-0.096297,0.785528,0.545704,0.275463
-0.098038,0.787701,0.543222,0.273543
-0.097485,0.789009,0.541858,0.272673
-0.094270,0.789934,0.540722,0.273381
-0.090701,0.790461,0.539716,0.275047
-0.087412,0.790980,0.538441,0.277111
-0.085830,0.791707,0.536890,0.278536
-0.085417,0.792729,0.535038,0.279319
-0.085789,0.793990,0.533125,0.279282
-0.086060,0.795196,0.531459,0.278942
-0.085493,0.796218,0.530148,0.278696
-0.084003,0.796491,0.529770,0.279087
-0.081970,0.796406,0.529629,0.280199
-0.081146,0.796273,0.529536,0.280991
-0.081955,0.796525,0.529086,0.280892
-0.083254,0.797100,0.528352,0.280258
-0.084296,0.797545,0.527884,0.279563
-0.084762,0.797454,0.528112,0.279250
-0.085084,0.797038,0.528633,0.279354
-0.085650,0.796804,0.528754,0.279621
-0.086141,0.796769,0.528511,0.280026
-0.085794,0.796776,0.528201,0.280697
-0.084282,0.796714,0.527764,0.282151
-0.082649,0.796666,0.527176,0.283863
-0.082037,0.796670,0.526367,0.285525
-0.083408,0.796800,0.525727,0.285943
-0.086422,0.797029,0.525281,0.285229
-0.089243,0.797054,0.525378,0.284111
-0.091959,0.796694,0.526071,0.282971
-0.093958,0.796311,0.526617,0.282375
-0.096473,0.795783,0.527190,0.281944
-0.098951,0.795373,0.527617,0.281444
-0.101749,0.794849,0.528308,0.280630
-0.103731,0.794141,0.529444,0.279767
-0.105666,0.793196,0.531117,0.278550
-0.107130,0.792510,0.532476,0.277344
-0.108424,0.791843,0.533884,0.276039
-0.109444,0.791062,0.535435,0.274868
-0.110460,0.790503,0.536625,0.273747
-0.111927,0.790073,0.537783,0.272115
-0.113132,0.789863,0.538617,0.270572
-0.113637,0.789698,0.539474,0.269133
-0.113034,0.789503,0.540170,0.268561
-0.111728,0.789342,0.540675,0.268565
-0.110670,0.789310,0.540840,0.268762
-0.109360,0.789477,0.540679,0.269133
-0.107790,0.789761,0.540323,0.269648
-0.105445,0.789990,0.540020,0.270510
-0.103245,0.790092,0.539833,0.271432
-0.100816,0.790297,0.539395,0.272616
-0.099262,0.790547,0.538905,0.273430
-0.098421,0.790843,0.538433,0.273808
-0.098742,0.791076,0.538191,0.273494
-0.099841,0.791060,0.538442,0.272646
-0.101113,0.790720,0.539172,0.271721
-0.102504,0.790198,0.540222,0.270629
-0.103354,0.789822,0.541041,0.269766
-0.103381,0.789090,0.542404,0.269162
-0.101941,0.787956,0.544156,0.269493
-0.100205,0.786998,0.545363,0.270504
-0.099097,0.786360,0.545961,0.271559
-0.098815,0.786489,0.545490,0.272236
-0.098700,0.787253,0.544253,0.272544
-0.098429,0.787920,0.543205,0.272804
-0.098333,0.788601,0.542147,0.272978
-0.098392,0.789219,0.541145,0.273156
-0.098283,0.789985,0.539846,0.273550
-0.097892,0.790398,0.539003,0.274160
-0.097120,0.790490,0.538475,0.275206
-0.096790,0.790339,0.538326,0.276045
-0.097165,0.790172,0.538259,0.276523
-0.097892,0.790112,0.538198,0.276555
-0.099068,0.789912,0.538443,0.276233
-0.100510,0.789747,0.538858,0.275370
-0.101744,0.789508,0.539542,0.274262
-0.101889,0.789062,0.540430,0.273744
-0.101244,0.788095,0.541948,0.273767
-0.100653,0.787212,0.543167,0.274111
-0.100383,0.786583,0.543921,0.274518
-0.100662,0.786460,0.544017,0.274579
-0.101146,0.786515,0.543945,0.274386
-0.101801,0.786598,0.543885,0.274025
-0.102473,0.786672,0.543831,0.273668
-0.103209,0.786667,0.543792,0.273483
-0.104033,0.786572,0.543763,0.273503
-0.105385,0.786193,0.544118,0.273368
-0.106865,0.785991,0.544331,0.272952
-0.108164,0.785868,0.544494,0.272467
-0.108535,0.785800,0.544597,0.272310
-0.107844,0.785934,0.544264,0.272862
-0.106703,0.786068,0.543771,0.273904
-0.105414,0.785835,0.543646,0.275318
-0.104434,0.785341,0.543859,0.276676
-0.104001,0.784448,0.544503,0.278102
-0.104505,0.783684,0.545172,0.278758
-0.105171,0.783022,0.545839,0.279062
-0.105069,0.782232,0.546835,0.279368
-0.103930,0.781107,0.548157,0.280347
-0.102470,0.780089,0.549154,0.281766
-0.101065,0.779297,0.549675,0.283443
-0.100524,0.779092,0.549578,0.284385
-0.099957,0.778948,0.549489,0.285150
-0.099153,0.778707,0.549629,0.285819
-0.098739,0.778077,0.550361,0.286271
-0.099268,0.777298,0.551414,0.286174
-0.100307,0.776703,0.552281,0.285756
-0.101579,0.776212,0.553056,0.285140
-0.102649,0.775986,0.553485,0.284539
-0.103615,0.775676,0.554077,0.283883
-0.104142,0.775285,0.554783,0.283378
-0.104566,0.774703,0.555770,0.282881
-0.105083,0.774095,0.556808,0.282311
-0.105523,0.773661,0.557579,0.281815
-0.105708,0.773684,0.557626,0.281589
-0.105972,0.773978,0.557278,0.281371
-0.106428,0.774214,0.556943,0.281213
-0.106558,0.774313,0.556557,0.281654
-0.106963,0.774268,0.556397,0.281941
-0.109112,0.775386,0.555112,0.280575
-0.108737,0.776706,0.553321,0.280608
-0.107239,0.777585,0.551981,0.281387
-0.106375,0.778178,0.551041,0.281917
-0.105707,0.778968,0.549806,0.282396
-0.105481,0.779467,0.549107,0.282466
-0.105001,0.779741,0.548730,0.282621
-0.104734,0.779839,0.548602,0.282698
-0.105038,0.780131,0.548279,0.282407
-0.105444,0.780494,0.547882,0.282022
-0.105861,0.780934,0.547335,0.281708
-0.106916,0.781137,0.547179,0.281052
-0.108246,0.780990,0.547612,0.280104
-0.109494,0.780982,0.547944,0.278991
-0.110077,0.781047,0.548158,0.278158
-0.109903,0.781095,0.548365,0.277684
-0.109295,0.781105,0.548463,0.277702
-0.108689,0.781253,0.548252,0.277939
-0.108661,0.781610,0.547766,0.277903
-0.108973,0.782311,0.546911,0.277494
-0.108941,0.782994,0.546121,0.277135
-0.108150,0.783767,0.545195,0.277083
-0.106755,0.784349,0.544377,0.277586
-0.105036,0.784994,0.543317,0.278493
-0.104265,0.785638,0.542261,0.279024
-0.104158,0.786426,0.541052,0.279192
-0.104380,0.787144,0.540076,0.278976
-0.104528,0.787744,0.539445,0.278445
-0.103855,0.788210,0.538979,0.278280
-0.102608,0.788463,0.538660,0.278645
-0.101009,0.788363,0.538731,0.279375
-0.100122,0.788199,0.538832,0.279960
-0.099695,0.788139,0.538757,0.280426
-0.099531,0.788252,0.538484,0.280692
-0.099615,0.788632,0.537950,0.280617
-0.099542,0.789018,0.537490,0.280439
-0.098930,0.789234,0.537235,0.280537
-0.098111,0.789190,0.537224,0.280969
-0.097692,0.789272,0.536910,0.281484
-0.098109,0.789583,0.536345,0.281543
-0.098984,0.790076,0.535611,0.281253
-0.099512,0.790345,0.535251,0.280997
-0.099897,0.790394,0.535268,0.280690
-0.100118,0.790308,0.535477,0.280453
-0.100066,0.790133,0.535776,0.280396
-0.099773,0.789995,0.535944,0.280567
-0.099570,0.790025,0.535840,0.280753
-0.099438,0.790124,0.535680,0.280827
-0.099308,0.790221,0.535559,0.280831
-0.099240,0.790247,0.535582,0.280736
-0.099163,0.790339,0.535498,0.280667
-0.099240,0.790339,0.535541,0.280556
-0.099531,0.790329,0.535592,0.280383
-0.099845,0.790431,0.535467,0.280224
-0.099918,0.790534,0.535294,0.280235
-0.099876,0.790760,0.534895,0.280376
-0.099880,0.790948,0.534550,0.280503
-0.099988,0.791340,0.533910,0.280577
-0.100083,0.791693,0.533364,0.280587
-0.099940,0.792083,0.532694,0.280810
-0.099458,0.792286,0.532152,0.281433
-0.099102,0.792347,0.531747,0.282153
-0.099220,0.792413,0.531283,0.282799
-0.099631,0.792372,0.531111,0.283093
-0.100029,0.791995,0.531507,0.283264
-0.100148,0.791376,0.532381,0.283310
-0.099905,0.790560,0.533549,0.283479
-0.099431,0.789898,0.534460,0.283774
-0.098835,0.789029,0.535615,0.284222
-0.098464,0.788372,0.536400,0.284692
-0.098641,0.787786,0.537070,0.284990
-0.099230,0.787382,0.537551,0.284996
-0.100070,0.787214,0.537718,0.284850
-0.100840,0.787263,0.537618,0.284632
-0.101559,0.787220,0.537696,0.284348
-0.101882,0.787118,0.537833,0.284254
-0.102284,0.786971,0.538010,0.284184
-0.102828,0.786693,0.538409,0.284001
-0.103449,0.786303,0.538995,0.283743
-0.104315,0.785788,0.539778,0.283363
-0.105128,0.785410,0.540371,0.282980
-0.106187,0.785135,0.540858,0.282417
-0.107229,0.784912,0.541315,0.281769
-0.108323,0.784595,0.541927,0.281054
-0.109066,0.784378,0.542314,0.280626
-0.109925,0.784281,0.542448,0.280305
-0.110538,0.784392,0.542233,0.280169
-0.111012,0.784702,0.541692,0.280159
-0.111162,0.784875,0.541355,0.280268
-0.110827,0.784932,0.541157,0.280620
-0.110336,0.784750,0.541357,0.280939
-0.109794,0.784532,0.541596,0.281296
-0.109343,0.784334,0.541825,0.281584
-0.108606,0.784048,0.542137,0.282066
-0.107985,0.783800,0.542366,0.282553
-0.108025,0.783609,0.542552,0.282710
-0.108569,0.783664,0.542457,0.282531
-0.109419,0.783941,0.542136,0.282049
-0.109787,0.784104,0.541974,0.281768
-0.109491,0.784182,0.541864,0.281874
-0.109014,0.784205,0.541769,0.282179
-0.108778,0.784220,0.541693,0.282374
-0.108862,0.784177,0.541789,0.282277
-0.109061,0.784164,0.541975,0.281880
-0.108880,0.784315,0.542054,0.281376
-0.107789,0.784725,0.541615,0.281497
-0.105333,0.785055,0.541023,0.282643
-0.103173,0.785171,0.540487,0.284141
-0.101651,0.785391,0.539591,0.285781
-0.101876,0.785816,0.538607,0.286387
-0.103601,0.786436,0.537660,0.285846
-0.105043,0.786675,0.537540,0.284885
-0.105400,0.786612,0.537867,0.284310
-0.104804,0.786264,0.538391,0.284501
-0.104694,0.785895,0.538846,0.284699
-0.105594,0.785922,0.538759,0.284457
-0.107372,0.786279,0.538326,0.283623
-0.109127,0.786723,0.537909,0.282510
-0.111226,0.787164,0.537717,0.280826
-0.112669,0.787442,0.537736,0.279430
-0.113690,0.787309,0.538343,0.278219
-0.114228,0.787001,0.539045,0.277511
-0.115071,0.786854,0.539542,0.276612
-0.115823,0.786995,0.539654,0.275678
-0.116505,0.786962,0.540200,0.274410
-0.116627,0.786578,0.541260,0.273370
-0.116004,0.786019,0.542559,0.272667
-0.114981,0.785578,0.543542,0.272411
-0.114085,0.785250,0.544260,0.272300
-0.112861,0.785200,0.544536,0.272406
-0.111876,0.785303,0.544508,0.272571
-0.111037,0.785738,0.544105,0.272463
-0.110123,0.786333,0.543524,0.272278
-0.108009,0.787120,0.542641,0.272614
-0.105521,0.787533,0.542115,0.273438
-0.102828,0.787782,0.541685,0.274597
-0.101394,0.788200,0.541009,0.275262
-0.100608,0.788843,0.540085,0.275525
-0.099979,0.789355,0.539387,0.275654
-0.098732,0.789752,0.538790,0.276132
-0.097616,0.789988,0.538326,0.276760
-0.097109,0.790303,0.537693,0.277266
-0.097109,0.790638,0.537104,0.277454
-0.097268,0.790807,0.536855,0.277398
-0.097474,0.790565,0.537316,0.277125
-0.097443,0.790091,0.538132,0.276902
-0.096891,0.789616,0.538803,0.277147
-0.096500,0.788866,0.539812,0.277455
-0.096777,0.788178,0.540787,0.277414
-0.097220,0.787736,0.541448,0.277227
-0.097612,0.787330,0.542081,0.277006
-0.097995,0.787070,0.542542,0.276707
-0.098416,0.786823,0.543028,0.276306
-0.098680,0.786483,0.543627,0.276002
-0.098864,0.786112,0.544192,0.275879
-0.099050,0.785966,0.544350,0.275917
-0.099695,0.785893,0.544430,0.275734
-0.100327,0.785805,0.544583,0.275452
-0.100679,0.785598,0.544963,0.275163
-0.100686,0.785367,0.545435,0.274886
-0.100510,0.785041,0.546117,0.274526
-0.100027,0.784742,0.546684,0.274428
-0.099223,0.784456,0.547130,0.274648
-0.099137,0.784190,0.547533,0.274636
-0.099498,0.784268,0.547466,0.274416
-0.100139,0.784601,0.547153,0.273857
-0.100474,0.784908,0.546935,0.273289
-0.100290,0.785080,0.546952,0.272829
-0.099753,0.785041,0.547166,0.272708
-0.098999,0.784936,0.547393,0.272829
-0.098583,0.784946,0.547418,0.272900
-0.098473,0.785059,0.547366,0.272721
-0.098471,0.785176,0.547377,0.272361
-0.098273,0.785157,0.547641,0.271954
-0.097957,0.784973,0.548079,0.271719
-0.097607,0.784856,0.548372,0.271591
-0.097414,0.784928,0.548350,0.271498
-0.097512,0.785100,0.548265,0.271136
-0.097706,0.785229,0.548340,0.270539
-0.097695,0.785255,0.548564,0.270015
-0.097471,0.785187,0.548943,0.269521
-0.096847,0.785188,0.549104,0.269418
-0.095789,0.785272,0.549053,0.269655
-0.095080,0.785361,0.548959,0.269839
-0.094786,0.785697,0.548576,0.269739
-0.094501,0.786119,0.548084,0.269612
-0.093943,0.786550,0.547632,0.269469
-0.093326,0.786799,0.547412,0.269403
-0.092468,0.787138,0.546937,0.269673
-0.091840,0.787560,0.546210,0.270128
-0.091742,0.788164,0.545209,0.270423
-0.092324,0.788629,0.544530,0.270236
-0.092769,0.789030,0.543997,0.269987
-0.092943,0.789254,0.543762,0.269745
-0.092788,0.789189,0.543932,0.269646
-0.092378,0.789097,0.544062,0.269793
-0.091995,0.788903,0.544303,0.270006
-0.091621,0.788588,0.544684,0.270285
-0.091553,0.788302,0.545041,0.270424
-0.091729,0.788037,0.545425,0.270361
-0.091919,0.787847,0.545776,0.270142
-0.092030,0.787577,0.546291,0.269852
-0.091940,0.787298,0.546758,0.269748
-0.091963,0.787089,0.547063,0.269734
-0.092015,0.787129,0.546941,0.269845
-0.091861,0.787392,0.546431,0.270163
-0.091883,0.787542,0.546132,0.270322
-0.091827,0.787692,0.545845,0.270486
-0.091666,0.788051,0.545226,0.270742
-0.091620,0.788422,0.544587,0.270965
-0.091717,0.788684,0.544100,0.271147
-0.091827,0.788586,0.544158,0.271278
-0.091671,0.788254,0.544535,0.271539
-0.091180,0.787932,0.544890,0.271927
-0.090608,0.787752,0.545041,0.272339
-0.089983,0.787784,0.544910,0.272713
-0.089188,0.787903,0.544558,0.273333
-0.088868,0.787935,0.544312,0.273836
-0.089583,0.788110,0.543908,0.273902
-0.091003,0.788183,0.543846,0.273346
-0.092446,0.788205,0.543957,0.272574
-0.092756,0.788043,0.544258,0.272337
-0.092198,0.787508,0.544935,0.272720
-0.091520,0.787018,0.545384,0.273463
-0.091055,0.786488,0.545773,0.274366
-0.091396,0.786296,0.545790,0.274770
-0.092036,0.786219,0.545695,0.274965
-0.092420,0.786056,0.545836,0.275023
-0.092239,0.785881,0.545931,0.275395
-0.091531,0.785740,0.545881,0.276132
-0.091101,0.785669,0.545776,0.276683
-0.090906,0.785689,0.545564,0.277110
-0.090983,0.785807,0.545294,0.277279
-0.091279,0.785830,0.545218,0.277265
-0.091595,0.785781,0.545292,0.277157
-0.092037,0.785660,0.545472,0.276999
-0.092461,0.785398,0.545853,0.276848
-0.092608,0.785156,0.546164,0.276873
-0.092714,0.785000,0.546382,0.276850
-0.092668,0.784823,0.546652,0.276835
-0.092298,0.784627,0.546912,0.276999
-0.091837,0.784449,0.547123,0.277239
-0.091654,0.784432,0.547135,0.277325
-0.091658,0.784756,0.546660,0.277345
-0.091424,0.785134,0.546056,0.277540
-0.091058,0.785557,0.545358,0.277836
-0.090734,0.786025,0.544621,0.278063
-0.090786,0.786348,0.544225,0.277909
-0.090947,0.786835,0.543688,0.277528
-0.090791,0.787222,0.543251,0.277341
-0.090184,0.787723,0.542527,0.277531
-0.090384,0.788211,0.541897,0.277310
-0.091935,0.789098,0.541123,0.275787
-0.092552,0.790047,0.540317,0.274439
-0.091801,0.790458,0.540350,0.273442
-0.090376,0.790173,0.541173,0.273113
-0.088942,0.789527,0.542432,0.272953
-0.087810,0.789051,0.543179,0.273211
-0.087058,0.788665,0.543538,0.273852
-0.086923,0.788286,0.543640,0.274783
-0.087938,0.788183,0.543445,0.275139
-0.089954,0.788314,0.543096,0.274802
-0.091374,0.788468,0.542894,0.274291
-0.091773,0.788228,0.543300,0.274042
-0.091380,0.787629,0.544135,0.274240
-0.091019,0.786788,0.545192,0.274673
-0.091249,0.786234,0.545796,0.274983
-0.092176,0.785821,0.546206,0.275040
-0.093200,0.785474,0.546633,0.274839
-0.093969,0.784910,0.547413,0.274636
-0.093650,0.784392,0.548015,0.275023
-0.092290,0.783748,0.548468,0.276414
-0.091106,0.783162,0.548700,0.278003
-0.090536,0.782579,0.548705,0.279816
-0.090931,0.782396,0.548238,0.281112
-0.092166,0.782447,0.547327,0.282339
-0.094027,0.782474,0.546672,0.282919
-0.096720,0.782467,0.546107,0.283122
-0.099229,0.782549,0.545608,0.282990
-0.101793,0.782898,0.544775,0.282719
-0.103453,0.783412,0.543747,0.282669
-0.104278,0.783701,0.543081,0.282846
-0.104682,0.783661,0.542832,0.283286
-0.105050,0.783554,0.542747,0.283607
-0.105873,0.783406,0.542732,0.283739
-0.106734,0.783638,0.542251,0.283697
-0.107278,0.784430,0.540877,0.283924
-0.107348,0.785253,0.539370,0.284489
-0.107967,0.785966,0.537897,0.285074
-0.108772,0.786208,0.537116,0.285573
-0.109621,0.786237,0.536580,0.286176
-0.110392,0.786148,0.536342,0.286570
-0.111617,0.785970,0.536352,0.286566
-0.112666,0.786101,0.536152,0.286170
-0.112901,0.786578,0.535541,0.285911
-0.111887,0.786732,0.535331,0.286276
-0.109702,0.786299,0.535873,0.287296
-0.107841,0.785803,0.536423,0.288331
-0.106643,0.785552,0.536493,0.289328
-0.106822,0.785904,0.535749,0.289684
-0.107477,0.786373,0.534990,0.289571
-0.108251,0.786742,0.534474,0.289234
-0.108562,0.786724,0.534513,0.289094
-0.108759,0.786529,0.534750,0.289114
-0.109093,0.786398,0.534869,0.289123
-0.109609,0.786289,0.534974,0.289030
-0.109736,0.786263,0.534956,0.289086
-0.109472,0.786078,0.535149,0.289334
-0.109194,0.785680,0.535649,0.289593
-0.109199,0.785105,0.536415,0.289733
-0.109387,0.784821,0.536807,0.289705
-0.109687,0.784466,0.537411,0.289433
-0.109742,0.784221,0.537888,0.289190
-0.109153,0.783792,0.538595,0.289260
-0.108174,0.783343,0.539222,0.289675
-0.107207,0.782886,0.539793,0.290207
-0.106972,0.782672,0.540071,0.290354
-0.106871,0.782692,0.540089,0.290302
-0.106394,0.782657,0.540224,0.290320
-0.105460,0.782546,0.540419,0.290600
-0.104130,0.782441,0.540535,0.291146
-0.103224,0.782176,0.540877,0.291544
-0.102383,0.782135,0.540826,0.292046
-0.102063,0.782287,0.540528,0.292300
-0.102211,0.782665,0.540008,0.292197
-0.102307,0.783081,0.539528,0.291936
-0.102108,0.783347,0.539329,0.291661
-0.102160,0.783639,0.539237,0.291028
-0.102205,0.784063,0.539189,0.289957
-0.101963,0.784573,0.539022,0.288971
-0.101119,0.784955,0.539124,0.288036
-0.099935,0.784932,0.539641,0.287546
-0.098727,0.784780,0.540285,0.287166
-0.098165,0.784535,0.540916,0.286842
-0.097973,0.784270,0.541504,0.286521
-0.097777,0.784150,0.541705,0.286539
-0.097857,0.783945,0.541889,0.286723
-0.098833,0.783751,0.542142,0.286442
-0.100604,0.783732,0.542297,0.285580
-0.101990,0.783907,0.542265,0.284669
-0.102396,0.783809,0.542560,0.284232
-0.102200,0.783497,0.543056,0.284214
-0.102005,0.783281,0.543325,0.284366
-0.102194,0.783198,0.543452,0.284282
-0.102558,0.783365,0.543289,0.284005
-0.102662,0.783505,0.543200,0.283750
-0.102413,0.783406,0.543428,0.283677
-0.102064,0.783167,0.543827,0.283699
-0.102296,0.783148,0.543947,0.283437
-0.102871,0.783511,0.543611,0.282869
-0.102730,0.783787,0.543254,0.282842
-0.102061,0.783598,0.543385,0.283357
-0.102170,0.783319,0.543696,0.283492
-0.102975,0.783254,0.543816,0.283150
-0.103490,0.783183,0.544028,0.282749
-0.103548,0.782947,0.544512,0.282450
-0.102903,0.782462,0.545224,0.282659
-0.102216,0.782014,0.545753,0.283125
-0.102261,0.781713,0.546109,0.283252
-0.102729,0.781785,0.546022,0.283052
-0.103226,0.782071,0.545714,0.282676
-0.103248,0.782362,0.545389,0.282489
-0.102697,0.782582,0.545111,0.282619
-0.102049,0.782795,0.544751,0.282957
-0.101660,0.783086,0.544236,0.283283
-0.101604,0.783475,0.543600,0.283448
-0.101816,0.784073,0.542721,0.283402
-0.102143,0.784548,0.542093,0.283170
-0.102351,0.784884,0.541733,0.282853
-0.102161,0.785127,0.541429,0.282832
-0.101621,0.785396,0.540963,0.283171
-0.101174,0.785675,0.540401,0.283628
-0.101254,0.785831,0.540041,0.283855
-0.101837,0.785797,0.540084,0.283658
-0.102164,0.785561,0.540471,0.283458
-0.102308,0.784950,0.541462,0.283208
-0.102257,0.784412,0.542322,0.283069
-0.101762,0.783828,0.543185,0.283211
-0.101323,0.783434,0.543708,0.283455
-0.100880,0.783039,0.544175,0.283807
-0.100933,0.782860,0.544393,0.283866
-0.101647,0.782705,0.544736,0.283378
-0.102204,0.782612,0.545058,0.282817
-0.102319,0.782438,0.545532,0.282340
-0.102032,0.782216,0.545978,0.282195
-0.101642,0.781887,0.546523,0.282196
-0.101179,0.781739,0.546681,0.282466
-0.101101,0.781675,0.546708,0.282619
-0.101647,0.781740,0.546689,0.282281
-0.102254,0.781944,0.546571,0.281723
-0.102586,0.782160,0.546499,0.281142
-0.102308,0.782296,0.546429,0.281002
-0.101616,0.782343,0.546362,0.281253
-0.101371,0.782344,0.546327,0.281406
-0.101572,0.782496,0.546113,0.281324
-0.101883,0.782692,0.545931,0.281020
-0.101889,0.782952,0.545732,0.280681
-0.101277,0.783074,0.545627,0.280766
-0.100070,0.783027,0.545635,0.281314
-0.099376,0.782941,0.545660,0.281751
-0.099492,0.783074,0.545419,0.281806
-0.100151,0.783376,0.545040,0.281469
-0.100809,0.784004,0.544234,0.281043
-0.100885,0.784479,0.543621,0.280877
-0.100487,0.784594,0.543481,0.280968
-0.099470,0.784533,0.543470,0.281522
-0.098771,0.784335,0.543640,0.281989
-0.098369,0.784110,0.543856,0.282339
-0.098379,0.784098,0.543831,0.282418
-0.098719,0.784056,0.543954,0.282179
-0.099032,0.784064,0.544048,0.281867
-0.099071,0.783933,0.544343,0.281648
-0.099057,0.783739,0.544662,0.281575
-0.099262,0.783657,0.544769,0.281525
-0.099653,0.783728,0.544657,0.281406
-0.100226,0.784055,0.544209,0.281156
-0.100633,0.784341,0.543866,0.280879
-0.100757,0.784584,0.543602,0.280665
-0.100561,0.784672,0.543544,0.280600
-0.100373,0.784566,0.543767,0.280534
-0.100050,0.784576,0.543737,0.280679
-0.099888,0.784693,0.543517,0.280835
-0.100022,0.784934,0.543116,0.280889
-0.100404,0.785206,0.542736,0.280729
-0.100740,0.785376,0.542578,0.280436
-0.100636,0.785290,0.542792,0.280302
-0.099956,0.784978,0.543250,0.280530
-0.099160,0.784792,0.543431,0.280982
-0.098583,0.784646,0.543521,0.281420
-0.098732,0.784669,0.543462,0.281417
-0.099146,0.784738,0.543399,0.281201
-0.099521,0.784622,0.543646,0.280914
-0.099814,0.784646,0.543695,0.280650
-0.099816,0.784819,0.543473,0.280593
-0.099608,0.784972,0.543228,0.280715
-0.099570,0.784941,0.543268,0.280735
-0.099586,0.784891,0.543367,0.280681
-0.099542,0.784748,0.543624,0.280598
-0.099601,0.784565,0.543968,0.280422
-0.099789,0.784490,0.544180,0.280153
-0.099908,0.784629,0.544042,0.279991
-0.100055,0.784871,0.543722,0.279881
-0.100435,0.785086,0.543411,0.279743
-0.101225,0.785499,0.542834,0.279420
-0.101939,0.786049,0.542099,0.279042
-0.102305,0.786500,0.541543,0.278715
-0.101910,0.786531,0.541551,0.278759
-0.100629,0.786147,0.542033,0.279371
-0.099391,0.785682,0.542535,0.280145
-0.098556,0.785410,0.542727,0.280830
-0.098585,0.785382,0.542688,0.280974
-0.098994,0.785241,0.542958,0.280703
-0.099289,0.784959,0.543514,0.280312
-0.099201,0.784707,0.543956,0.280189
-0.098775,0.784400,0.544377,0.280383
-0.097998,0.784279,0.544400,0.280947
-0.097201,0.784394,0.544012,0.281653
-0.097102,0.784653,0.543546,0.281865
-0.096807,0.785091,0.542849,0.282091
-0.096145,0.785453,0.542244,0.282474
-0.095339,0.785712,0.541707,0.283056
-0.095144,0.785883,0.541315,0.283396
-0.095577,0.786027,0.541005,0.283445
-0.096254,0.786082,0.540899,0.283265
-0.097171,0.785972,0.541114,0.282845
-0.097848,0.785744,0.541520,0.282468
-0.098284,0.785433,0.542025,0.282214
-0.098589,0.785396,0.542078,0.282108
-0.098905,0.785382,0.542050,0.282090
-0.099365,0.785267,0.542179,0.282002
-0.099848,0.785201,0.542273,0.281832
-0.100298,0.785083,0.542508,0.281550
-0.100273,0.784854,0.542921,0.281402
-0.099424,0.784506,0.543403,0.281740
-0.098420,0.784117,0.543851,0.282311
-0.097517,0.783772,0.544153,0.283001
-0.097538,0.783605,0.544303,0.283168
-0.098386,0.783714,0.544190,0.282790
-0.099182,0.783984,0.543909,0.282303
-0.099984,0.784131,0.543885,0.281657
-0.100536,0.784269,0.543849,0.281145
-0.100640,0.784388,0.543753,0.280964
-0.100480,0.784426,0.543620,0.281170
-0.100462,0.784451,0.543440,0.281457
-0.100838,0.784500,0.543326,0.281405
-0.101069,0.784388,0.543528,0.281244
-0.101029,0.784066,0.544117,0.281017
-0.100692,0.783679,0.544770,0.280952
-0.099932,0.783136,0.545542,0.281241
-0.099656,0.782823,0.545921,0.281472
-0.100110,0.782721,0.546071,0.281304
-0.100833,0.782822,0.546006,0.280893
-0.101483,0.783009,0.545886,0.280369
-0.101761,0.783104,0.545896,0.279984
-0.101711,0.783063,0.546066,0.279785
-0.101425,0.782930,0.546288,0.279827
-0.101133,0.782724,0.546578,0.279943
-0.100944,0.782561,0.546770,0.280091
-0.100943,0.782467,0.546902,0.280096
-0.101064,0.782403,0.547047,0.279949
-0.101153,0.782326,0.547277,0.279682
-0.100736,0.782414,0.547211,0.279717
-0.100106,0.782375,0.547259,0.279956
-0.099620,0.782328,0.547288,0.280203
-0.099610,0.782342,0.547269,0.280206
-0.099982,0.782329,0.547384,0.279886
-0.100253,0.782405,0.547403,0.279538
-0.100109,0.782575,0.547283,0.279351
-0.099412,0.782722,0.547067,0.279608
-0.098462,0.782741,0.546940,0.280139
-0.098037,0.782806,0.546744,0.280489
-0.098313,0.782944,0.546523,0.280440
-0.098774,0.783240,0.546160,0.280157
-0.098853,0.783435,0.545984,0.279928
-0.098222,0.783397,0.546076,0.280076
-0.097379,0.783284,0.546166,0.280510
-0.096511,0.783034,0.546356,0.281137
-0.096358,0.782912,0.546417,0.281412
-0.096837,0.782867,0.546453,0.281304
-0.097417,0.782850,0.546540,0.280981
-0.097946,0.782823,0.546712,0.280538
-0.097992,0.782917,0.546655,0.280368
-0.097733,0.782958,0.546632,0.280391
-0.097316,0.782956,0.546601,0.280600
-0.096840,0.782865,0.546591,0.281040
-0.097107,0.783004,0.546308,0.281109
-0.097799,0.783590,0.545472,0.280860
-0.098080,0.784153,0.544709,0.280674
-0.097453,0.784413,0.544306,0.280944
-0.096551,0.784399,0.544201,0.281498
-0.095835,0.784288,0.544178,0.282096
-0.095879,0.784392,0.543885,0.282358
-0.096466,0.784624,0.543532,0.282192
-0.097475,0.784748,0.543456,0.281646
-0.097990,0.784695,0.543640,0.281260
-0.098090,0.784505,0.543981,0.281097
-0.097768,0.784220,0.544362,0.281266
-0.097397,0.784089,0.544452,0.281586
-0.097393,0.784046,0.544467,0.281677
-0.097692,0.784064,0.544460,0.281536
-0.097905,0.784099,0.544466,0.281354
-0.097851,0.784007,0.544672,0.281232
-0.097663,0.783751,0.545076,0.281226
-0.097329,0.783504,0.545376,0.281449
-0.097521,0.783605,0.545202,0.281438
-0.098157,0.784044,0.544595,0.281171
-0.098760,0.784416,0.544151,0.280781
-0.098808,0.784634,0.543884,0.280673
-0.098427,0.784636,0.543856,0.280856
-0.098051,0.784582,0.543871,0.281108
-0.097306,0.784531,0.543829,0.281590
-0.096489,0.784488,0.543739,0.282164
-0.095658,0.784361,0.543763,0.282754
-0.095364,0.784268,0.543800,0.283037
-0.095664,0.784367,0.543658,0.282937
-0.096230,0.784625,0.543354,0.282613
-0.096936,0.784891,0.543141,0.282041
-0.097095,0.785153,0.542880,0.281760
-0.096636,0.785270,0.542703,0.281931
-0.096474,0.785325,0.542566,0.282101
-0.096825,0.785590,0.542142,0.282056
-0.097579,0.785943,0.541708,0.281647
-0.098112,0.786198,0.541480,0.281186
-0.098178,0.786260,0.541521,0.280911
-0.097843,0.786238,0.541588,0.280961
-0.097519,0.786207,0.541604,0.281130
-0.097620,0.786421,0.541280,0.281120
-0.097657,0.786758,0.540804,0.281079
-0.097687,0.787105,0.540366,0.280940
-0.097577,0.787300,0.540200,0.280751
-0.096834,0.787496,0.539955,0.280931
-0.095384,0.787665,0.539598,0.281637
-0.094557,0.787728,0.539384,0.282148
-0.094631,0.788072,0.538852,0.282180
-0.095100,0.788723,0.537931,0.281962
-0.095713,0.789281,0.537251,0.281489
-0.096103,0.789412,0.537246,0.280999
-0.095987,0.789392,0.537428,0.280746
-0.095398,0.789403,0.537431,0.280909
-0.095047,0.789365,0.537483,0.281035
-0.094629,0.789529,0.537197,0.281262
-0.094309,0.789481,0.537230,0.281442
-0.094317,0.789622,0.537001,0.281482
-0.094688,0.789837,0.536759,0.281216
-0.095021,0.790065,0.536543,0.280874
-0.095056,0.790229,0.536381,0.280711
-0.095002,0.790309,0.536308,0.280642
-0.095258,0.790367,0.536256,0.280492
-0.095810,0.790536,0.536084,0.280154
-0.096288,0.790745,0.535874,0.279804
-0.096373,0.790963,0.535670,0.279549
-0.095948,0.791125,0.535490,0.279581
-0.095326,0.791223,0.535337,0.279810
-0.094412,0.791118,0.535399,0.280298
-0.093794,0.791161,0.535165,0.280831
-0.093844,0.791167,0.534958,0.281190
-0.094138,0.791096,0.534978,0.281255
-0.093908,0.791039,0.535012,0.281426
-0.092981,0.790788,0.535245,0.281996
-0.092090,0.790269,0.535806,0.282678
-0.091659,0.789942,0.536099,0.283176
-0.091877,0.789770,0.536224,0.283347
-0.092536,0.789856,0.536074,0.283177
-0.093472,0.790087,0.535765,0.282811
-0.094484,0.790159,0.535765,0.282271
-0.095405,0.790011,0.536126,0.281692
-0.095817,0.789850,0.536404,0.281474
-0.095973,0.789752,0.536463,0.281583
-0.096332,0.789780,0.536311,0.281672
-0.096901,0.789896,0.536076,0.281597
-0.097838,0.789955,0.536021,0.281213
-0.098547,0.789898,0.536170,0.280842
-0.099091,0.789591,0.536716,0.280469
-0.099397,0.789188,0.537368,0.280249
-0.099699,0.789003,0.537623,0.280171
-0.099927,0.788960,0.537623,0.280211
-0.100313,0.789039,0.537442,0.280198
-0.100605,0.789092,0.537345,0.280130
-0.100740,0.789069,0.537366,0.280106
-0.100578,0.788944,0.537523,0.280215
-0.100248,0.788835,0.537632,0.280431
-0.099835,0.788754,0.537710,0.280656
-0.099072,0.788740,0.537606,0.281166
-0.098571,0.788619,0.537623,0.281648
-0.098817,0.788692,0.537407,0.281769
-0.099615,0.789134,0.536751,0.281502
-0.100408,0.789429,0.536416,0.281032
-0.100600,0.789392,0.536587,0.280739
-0.100134,0.789032,0.537162,0.280817
-0.098780,0.788409,0.537966,0.281508
-0.097549,0.787924,0.538483,0.282304
-0.096857,0.787556,0.538844,0.282879
-0.097088,0.787510,0.538913,0.282799
-0.097575,0.787597,0.538892,0.282428
-0.097996,0.787590,0.539060,0.281982
-0.098541,0.787430,0.539483,0.281427
-0.098598,0.787228,0.539863,0.281245
-0.098115,0.787092,0.540004,0.281523
-0.097585,0.787005,0.540009,0.281941
-0.097370,0.786987,0.539959,0.282162
-0.097117,0.787073,0.539819,0.282276
-0.096426,0.787218,0.539594,0.282539
-0.095548,0.787124,0.539714,0.282869
-0.094801,0.786908,0.539978,0.283220
-0.094147,0.786629,0.540279,0.283638
-0.093944,0.786392,0.540562,0.283824
-0.094195,0.786302,0.540730,0.283667
-0.094287,0.786250,0.540854,0.283548
-0.094273,0.786058,0.541211,0.283400
-0.094262,0.785905,0.541503,0.283269
-0.094107,0.785723,0.541807,0.283247
-0.094042,0.785637,0.541968,0.283200
-0.093777,0.785724,0.541806,0.283354
-0.093381,0.785850,0.541521,0.283682
-0.093096,0.785977,0.541216,0.284005
-0.093245,0.786108,0.541028,0.283954
-0.093451,0.786203,0.540957,0.283756
-0.093385,0.786085,0.541180,0.283680
-0.093252,0.785776,0.541643,0.283694
-0.093308,0.785492,0.542069,0.283650
-0.093353,0.785484,0.542058,0.283677
-0.093435,0.785575,0.541881,0.283737
-0.093700,0.785558,0.541905,0.283651
-0.093988,0.785584,0.541881,0.283528
-0.094225,0.785626,0.541858,0.283380
-0.094410,0.785545,0.542021,0.283228
-0.094435,0.785479,0.542114,0.283227
-0.094392,0.785319,0.542291,0.283345
-0.094669,0.785240,0.542373,0.283316
-0.094962,0.785220,0.542385,0.283251
-0.094992,0.785121,0.542512,0.283270
-0.094563,0.784891,0.542768,0.283561
-0.094096,0.784698,0.542943,0.283916
-0.093887,0.784528,0.543079,0.284195
-0.094227,0.784520,0.543042,0.284174
-0.094860,0.784483,0.543111,0.283934
-0.095819,0.784538,0.543110,0.283460
-0.096695,0.784724,0.542937,0.282979
-0.097290,0.784842,0.542841,0.282632
-0.097531,0.784726,0.543042,0.282486
-0.097435,0.784435,0.543409,0.282620
-0.097382,0.784167,0.543712,0.282800
-0.097856,0.784081,0.543822,0.282664
-0.098520,0.784085,0.543902,0.282266
-0.098995,0.784238,0.543790,0.281893
-0.099177,0.784290,0.543788,0.281687
-0.099465,0.784267,0.543890,0.281452
-0.099722,0.784417,0.543684,0.281343
-0.100021,0.784661,0.543322,0.281255
-0.100232,0.784915,0.542948,0.281193
-0.100155,0.785059,0.542720,0.281259
-0.099762,0.785084,0.542631,0.281500
-0.099262,0.785099,0.542552,0.281788
-0.098437,0.785140,0.542376,0.282303
-0.097859,0.785120,0.542299,0.282705
-0.097606,0.785134,0.542163,0.283014
-0.097830,0.785336,0.541816,0.283039
-0.098377,0.785839,0.541062,0.282897
-0.098828,0.786054,0.540755,0.282731
-0.099092,0.786181,0.540536,0.282702
-0.099195,0.786230,0.540397,0.282798
-0.099400,0.786132,0.540454,0.282889
-0.099575,0.786232,0.540235,0.282967
-0.099517,0.786216,0.540176,0.283146
-0.099581,0.786101,0.540304,0.283197
-0.099875,0.785938,0.540514,0.283145
-0.100457,0.785801,0.540740,0.282888
-0.101044,0.785780,0.540834,0.282558
-0.101503,0.785772,0.540895,0.282299
-0.101869,0.785782,0.540913,0.282103
-0.102418,0.785794,0.540965,0.281772
-0.102684,0.785977,0.540740,0.281596
-0.102765,0.786269,0.540313,0.281571
-0.102817,0.786490,0.539954,0.281622
-0.102857,0.786786,0.539476,0.281698
-0.102886,0.787152,0.538907,0.281753
-0.102827,0.787591,0.538232,0.281839
-0.102740,0.787811,0.537904,0.281882
-0.102547,0.787930,0.537696,0.282017
-0.102505,0.787931,0.537659,0.282100
-0.102481,0.787937,0.537612,0.282181
-0.102554,0.787937,0.537602,0.282173
-0.102444,0.787909,0.537629,0.282240
-0.102195,0.787812,0.537748,0.282376
-0.102037,0.787569,0.538115,0.282410
-0.101798,0.787297,0.538517,0.282489
-0.101584,0.787000,0.538960,0.282549
-0.101401,0.786840,0.539202,0.282597
-0.101097,0.786845,0.539164,0.282767
-0.100788,0.786939,0.538962,0.282999
-0.100777,0.786997,0.538849,0.283058
-0.100843,0.787109,0.538683,0.283038
-0.100809,0.787360,0.538309,0.283066
-0.100662,0.787679,0.537841,0.283118
-0.100280,0.787843,0.537567,0.283317
-0.099710,0.787912,0.537380,0.283682
-0.099557,0.787834,0.537439,0.283839
-0.099641,0.787879,0.537341,0.283872
-0.099797,0.788080,0.537028,0.283853
-0.100033,0.788049,0.537106,0.283706
-0.099996,0.787901,0.537337,0.283693
-0.099809,0.787747,0.537525,0.283831
-0.099866,0.787495,0.537879,0.283841
-0.100045,0.787426,0.537977,0.283783
-0.100333,0.787338,0.538159,0.283580
-0.100516,0.787255,0.538349,0.283385
-0.100404,0.787152,0.538538,0.283350
-0.100091,0.787095,0.538593,0.283516
-0.099437,0.787021,0.538571,0.283993
-0.098968,0.787159,0.538218,0.284443
-0.098819,0.787357,0.537818,0.284704
-0.098954,0.787565,0.537492,0.284697
-0.099130,0.787692,0.537343,0.284564
-0.099003,0.787669,0.537381,0.284600
-0.098745,0.787528,0.537548,0.284765
-0.098493,0.787373,0.537704,0.284986
-0.098313,0.787140,0.537947,0.285234
-0.098749,0.787000,0.538125,0.285134
-0.099388,0.786873,0.538357,0.284823
-0.100040,0.786653,0.538811,0.284344
-0.100056,0.786443,0.539202,0.284178
-0.099955,0.786052,0.539846,0.284072
-0.099927,0.785766,0.540294,0.284023
-0.099981,0.785652,0.540403,0.284113
-0.100375,0.785776,0.540165,0.284082
-0.101280,0.786193,0.539572,0.283732
-0.101830,0.786509,0.539169,0.283426
-0.101866,0.786443,0.539342,0.283270
-0.101382,0.786142,0.539780,0.283443
-0.100465,0.785736,0.540266,0.283970
-0.099826,0.785482,0.540501,0.284450
-0.099755,0.785515,0.540315,0.284737
-0.100100,0.785686,0.539983,0.284771
-0.100745,0.786093,0.539383,0.284560
-0.101362,0.786280,0.539136,0.284291
-0.101843,0.786162,0.539361,0.284019
-0.102357,0.785885,0.539808,0.283752
-0.102848,0.785573,0.540275,0.283548
-0.103391,0.785160,0.540869,0.283363
-0.103731,0.784797,0.541373,0.283283
-0.103986,0.784594,0.541576,0.283363
-0.103760,0.784279,0.541913,0.283673
-0.103533,0.783589,0.542834,0.283903
-0.103562,0.782959,0.543715,0.283944
-0.103278,0.782471,0.544444,0.283998
-0.101817,0.782075,0.544963,0.284618
-0.099791,0.781341,0.545919,0.285518
-0.098854,0.780877,0.546644,0.285727
-0.098480,0.780841,0.546973,0.285324
-0.098125,0.780920,0.547239,0.284721
-0.096986,0.780683,0.548012,0.284272
-0.095536,0.779923,0.549409,0.284153
-0.093788,0.778727,0.551358,0.284242
-0.092521,0.777829,0.552754,0.284403
-0.091106,0.777268,0.553481,0.284978
-0.089874,0.777026,0.553604,0.285790
-0.088850,0.776876,0.553432,0.286851
-0.088893,0.777021,0.552891,0.287487
-0.090112,0.777438,0.552245,0.287219
-0.092082,0.778187,0.551367,0.286250
-0.093120,0.778924,0.550496,0.285589
-0.093167,0.779396,0.549848,0.285534
-0.092519,0.779475,0.549549,0.286102
-0.092241,0.779340,0.549462,0.286728
-0.092910,0.779230,0.549500,0.286737
-0.093998,0.779202,0.549535,0.286392
-0.094679,0.779207,0.549591,0.286047
-0.095016,0.779111,0.549803,0.285789
-0.094955,0.779019,0.549904,0.285863
-0.094936,0.779046,0.549711,0.286168
-0.095332,0.779234,0.549257,0.286395
-0.096427,0.779736,0.548423,0.286263
-0.097446,0.780107,0.547920,0.285871
-0.098182,0.780149,0.548013,0.285326
-0.097983,0.779827,0.548567,0.285208
-0.097507,0.779441,0.549153,0.285298
-0.097255,0.779045,0.549713,0.285388
-0.097634,0.778998,0.549773,0.285271
-0.098838,0.779215,0.549535,0.284721
-0.100168,0.779702,0.548950,0.284051
-0.101541,0.780316,0.548237,0.283252
-0.102095,0.780841,0.547596,0.282846
-0.101971,0.781333,0.546923,0.282835
-0.101253,0.781584,0.546476,0.283263
-0.100095,0.781782,0.545982,0.284081
-0.099391,0.782001,0.545467,0.284715
-0.099250,0.782317,0.544907,0.284967
-0.099232,0.782599,0.544494,0.284990
-0.098998,0.782858,0.544135,0.285044
-0.098495,0.782989,0.543921,0.285266
-0.097782,0.783192,0.543524,0.285711
-0.097675,0.783439,0.543078,0.285920
-0.098093,0.783825,0.542476,0.285860
-0.099031,0.784287,0.541852,0.285453
-0.099978,0.784604,0.541503,0.284912
-0.100862,0.784648,0.541606,0.284285
-0.101309,0.784553,0.541866,0.283891
-0.101576,0.784326,0.542302,0.283590
-0.101624,0.784306,0.542361,0.283516
-0.101367,0.784261,0.542369,0.283716
-0.101152,0.784240,0.542311,0.283964
-0.101565,0.784246,0.542294,0.283832
-0.102132,0.784383,0.542155,0.283514
-0.102487,0.784691,0.541797,0.283220
-0.102325,0.784917,0.541500,0.283220
-0.101720,0.785043,0.541275,0.283518
-0.101099,0.785185,0.540943,0.283980
-0.100748,0.785434,0.540473,0.284311
-0.100880,0.785843,0.539859,0.284299
-0.101209,0.786127,0.539524,0.284034
-0.101326,0.786238,0.539494,0.283741
-0.101121,0.786081,0.539791,0.283684
-0.101053,0.785745,0.540307,0.283657
-0.101152,0.785620,0.540470,0.283656
-0.101493,0.785799,0.540208,0.283538
-0.101952,0.785996,0.539984,0.283254
-0.102498,0.786184,0.539858,0.282775
-0.102711,0.786315,0.539822,0.282404
-0.102719,0.786336,0.539963,0.282071
-0.102482,0.786304,0.540115,0.281956
-0.102042,0.786377,0.540063,0.282011
-0.101610,0.786522,0.539870,0.282134
-0.101163,0.786810,0.539423,0.282346
-0.100792,0.787192,0.538855,0.282499
-0.100621,0.787387,0.538618,0.282467
-0.100428,0.787563,0.538465,0.282338
-0.100007,0.787644,0.538416,0.282355
-0.099154,0.787582,0.538504,0.282659
-0.098520,0.787490,0.538575,0.283001
-0.098358,0.787545,0.538435,0.283171
-0.098639,0.787625,0.538348,0.283019
-0.099026,0.787760,0.538282,0.282634
-0.099022,0.787650,0.538597,0.282340
-0.098574,0.787385,0.539128,0.282220
-0.097858,0.787130,0.539533,0.282410
-0.097061,0.786928,0.539788,0.282759
-0.096656,0.786840,0.539863,0.283001
-0.096756,0.786973,0.539676,0.282954
-0.097107,0.787237,0.539364,0.282692
-0.097389,0.787608,0.538913,0.282420
-0.097507,0.787972,0.538461,0.282228
-0.097437,0.788105,0.538299,0.282189
-0.097208,0.788175,0.538176,0.282309
-0.096900,0.788134,0.538181,0.282519
-0.096727,0.788073,0.538239,0.282638
-0.096612,0.788134,0.538136,0.282703
-0.096331,0.788157,0.538097,0.282810
-0.096010,0.788039,0.538238,0.282979
-0.095799,0.788040,0.538141,0.283231
-0.096162,0.788242,0.537763,0.283264
-0.096940,0.788354,0.537606,0.282984
-0.097231,0.788664,0.537124,0.282936
-0.097297,0.788783,0.536917,0.282975
-0.097314,0.788499,0.537361,0.282917
-0.096833,0.788082,0.537947,0.283130
-0.096323,0.787509,0.538717,0.283436
-0.096064,0.787095,0.539250,0.283659
-0.096139,0.786831,0.539556,0.283785
-0.096564,0.786747,0.539616,0.283758
-0.097677,0.786871,0.539446,0.283357
-0.098851,0.787012,0.539342,0.282756
-0.099968,0.787155,0.539292,0.282061
-0.100241,0.787277,0.539165,0.281864
-0.100195,0.787347,0.539057,0.281892
-0.099925,0.787320,0.539030,0.282116
-0.099425,0.787201,0.539090,0.282509
-0.099023,0.787094,0.539175,0.282785
-0.098481,0.787049,0.539169,0.283110
-0.097982,0.787002,0.539177,0.283401
-0.097733,0.786947,0.539206,0.283583
-0.097710,0.786985,0.539110,0.283670
-0.098035,0.787049,0.539020,0.283550
-0.098514,0.787187,0.538838,0.283348
-0.098805,0.787336,0.538627,0.283233
-0.099242,0.787554,0.538357,0.282986
-0.099452,0.787642,0.538283,0.282809
-0.099241,0.787683,0.538249,0.282832
-0.098631,0.787534,0.538413,0.283151
-0.097933,0.787231,0.538730,0.283631
-0.097536,0.787060,0.538860,0.283994
-0.097427,0.786935,0.538958,0.284194
-0.097507,0.786924,0.538939,0.284234
-0.097706,0.786950,0.538902,0.284162
-0.098124,0.786965,0.538939,0.283906
-0.098320,0.786995,0.538948,0.283738
-0.098414,0.787028,0.538927,0.283652
-0.098574,0.787072,0.538875,0.283575
-0.098767,0.787012,0.538970,0.283492
-0.098944,0.787018,0.538965,0.283424
-0.099267,0.786847,0.539269,0.283209
-0.099499,0.786628,0.539646,0.283018
-0.099517,0.786382,0.540050,0.282923
-0.099056,0.786298,0.540110,0.283206
-0.098375,0.786306,0.539937,0.283748
-0.097879,0.786466,0.539534,0.284243
-0.097732,0.786751,0.538986,0.284543
-0.097811,0.787010,0.538566,0.284595
