0.039414,1.355911,-0.279354
0.040815,1.355179,-0.279308
0.040923,1.354796,-0.278460
0.039564,1.354710,-0.277270
0.037118,1.354811,-0.277178
0.033559,1.354802,-0.279341
0.028586,1.354359,-0.283098
0.020963,1.352903,-0.286394
0.013139,1.350676,-0.285625
0.004468,1.347581,-0.281140
-0.004758,1.343746,-0.273705
-0.014649,1.339221,-0.264404
-0.026990,1.333380,-0.251942
-0.037960,1.327922,-0.239107
-0.047835,1.322095,-0.223521
-0.055431,1.316121,-0.206301
-0.060152,1.310253,-0.189393
-0.061697,1.304811,-0.174355
-0.060758,1.299941,-0.161567
-0.057563,1.295202,-0.149233
-0.053955,1.291871,-0.141334
-0.049622,1.289204,-0.136866
-0.044369,1.287010,-0.135704
-0.038167,1.285177,-0.136632
-0.031523,1.283563,-0.138826
-0.024437,1.281908,-0.142027
-0.020181,1.280673,-0.145413
-0.017773,1.279537,-0.148577
-0.016507,1.278461,-0.151515
-0.016039,1.277432,-0.155224
-0.017067,1.276224,-0.160637
-0.019145,1.275114,-0.166443
-0.022542,1.273893,-0.173579
-0.026776,1.272523,-0.181377
-0.031700,1.271178,-0.189246
-0.037468,1.269820,-0.196130
-0.043882,1.268434,-0.201046
-0.051183,1.266984,-0.205200
-0.056787,1.266019,-0.208680
-0.061597,1.265277,-0.211609
-0.065733,1.264655,-0.213983
-0.068833,1.263986,-0.215440
-0.070502,1.263224,-0.216151
-0.071755,1.262482,-0.216881
-0.073381,1.261634,-0.218380
-0.074343,1.260824,-0.219998
-0.074893,1.260055,-0.221218
-0.075665,1.259360,-0.221514
-0.076837,1.258738,-0.221312
-0.077883,1.258202,-0.221145
-0.078815,1.257765,-0.221755
-0.079856,1.257564,-0.223905
-0.081241,1.257443,-0.227040
-0.082611,1.257257,-0.229428
-0.083278,1.256931,-0.229502
-0.083085,1.256632,-0.227871
-0.082493,1.256617,-0.226226
-0.082240,1.256983,-0.226140
-0.082159,1.257678,-0.227495
-0.081704,1.258484,-0.228931
-0.080896,1.259226,-0.229582
-0.079695,1.259929,-0.228666
-0.078774,1.260445,-0.227066
-0.078156,1.261049,-0.226104
-0.077743,1.261796,-0.226206
-0.076758,1.262679,-0.227208
-0.074921,1.263772,-0.228410
-0.073128,1.264732,-0.229036
-0.071602,1.265680,-0.229154
-0.070434,1.266634,-0.229057
-0.069296,1.267527,-0.228959
-0.068052,1.268399,-0.228799
-0.066613,1.269371,-0.228903
-0.065433,1.270185,-0.229412
-0.064668,1.270972,-0.230222
-0.063931,1.271705,-0.230875
-0.062843,1.272331,-0.230459
-0.061527,1.272966,-0.229694
-0.060330,1.273749,-0.228630
-0.059547,1.274369,-0.227702
-0.058628,1.274975,-0.227042
-0.057855,1.275600,-0.226946
-0.057227,1.276223,-0.226745
-0.056629,1.276892,-0.226577
-0.056186,1.277358,-0.226430
-0.055497,1.277725,-0.226059
-0.054535,1.278023,-0.225662
-0.053564,1.278229,-0.225240
-0.052765,1.278328,-0.225075
-0.051772,1.278333,-0.224481
-0.051098,1.278208,-0.223325
-0.050702,1.277971,-0.221215
-0.050518,1.277789,-0.219514
-0.050358,1.277578,-0.218537
-0.049487,1.277281,-0.217976
-0.048487,1.277013,-0.217483
-0.047947,1.276664,-0.216170
-0.047657,1.276248,-0.214134
-0.047805,1.275899,-0.212591
-0.047847,1.275574,-0.212177
-0.047765,1.275189,-0.212752
-0.048143,1.274837,-0.213532
-0.049285,1.274354,-0.214178
-0.050737,1.273782,-0.214238
-0.052040,1.273097,-0.213657
-0.053307,1.272418,-0.212783
-0.054336,1.271599,-0.211592
-0.054685,1.270883,-0.210301
-0.055328,1.270239,-0.209126
-0.056334,1.269629,-0.208010
-0.057723,1.269072,-0.207066
-0.059404,1.268458,-0.206346
-0.060804,1.267939,-0.206172
-0.062070,1.267352,-0.205256
-0.062782,1.266757,-0.203507
-0.063374,1.266145,-0.200736
-0.063416,1.265662,-0.198013
-0.063162,1.265396,-0.196559
-0.062545,1.265341,-0.196548
-0.062547,1.265487,-0.197261
-0.063630,1.265773,-0.198582
-0.065247,1.266019,-0.199432
-0.066671,1.266176,-0.199156
-0.067105,1.266283,-0.198845
-0.067324,1.266409,-0.199160
-0.067733,1.266553,-0.200593
-0.068270,1.266724,-0.202758
-0.068741,1.266855,-0.204409
-0.069157,1.266945,-0.204960
-0.069191,1.266924,-0.203407
-0.069367,1.266890,-0.201247
-0.070193,1.266872,-0.200006
-0.070707,1.266911,-0.200133
-0.070247,1.266966,-0.200431
-0.069153,1.267013,-0.200002
-0.068915,1.267116,-0.198883
-0.069356,1.267264,-0.197205
-0.070514,1.267519,-0.196187
-0.071667,1.267842,-0.195692
-0.072015,1.268190,-0.195451
-0.071587,1.268566,-0.195338
-0.071318,1.268866,-0.195289
-0.071373,1.269149,-0.195444
-0.071404,1.269382,-0.195416
-0.071412,1.269638,-0.195037
-0.071204,1.269999,-0.194688
-0.070398,1.270484,-0.194793
-0.069095,1.270905,-0.195011
-0.067464,1.271272,-0.194789
-0.066029,1.271612,-0.193920
-0.065303,1.271968,-0.192899
-0.065083,1.272485,-0.193199
-0.065203,1.273024,-0.194804
-0.065071,1.273531,-0.196282
-0.064256,1.273966,-0.196504
-0.062803,1.274282,-0.195510
-0.060813,1.274656,-0.194714
-0.059679,1.275072,-0.195156
-0.059287,1.275549,-0.196386
-0.059398,1.276070,-0.197716
-0.059540,1.276653,-0.198570
-0.060042,1.277254,-0.199405
-0.060728,1.277876,-0.200518
-0.061417,1.278298,-0.201955
-0.062283,1.278522,-0.202987
-0.062627,1.278557,-0.202742
-0.062556,1.278569,-0.201987
-0.062723,1.278739,-0.202058
-0.062818,1.278979,-0.202829
-0.062126,1.279260,-0.203173
-0.060816,1.279543,-0.202065
-0.059364,1.279971,-0.199989
-0.058200,1.280561,-0.198438
-0.057483,1.281355,-0.198494
-0.056980,1.282431,-0.200147
-0.056368,1.283375,-0.201456
-0.055743,1.284218,-0.202061
-0.055473,1.285147,-0.203038
-0.056002,1.286089,-0.205221
-0.056738,1.286980,-0.207824
-0.057246,1.287799,-0.210329
-0.058110,1.288564,-0.212097
-0.058978,1.289161,-0.212730
-0.059790,1.289696,-0.212683
-0.060660,1.290185,-0.211799
-0.061404,1.290612,-0.210518
-0.062315,1.291168,-0.209604
-0.063396,1.291749,-0.209883
-0.064482,1.292405,-0.210397
-0.065367,1.293128,-0.211203
-0.066186,1.293735,-0.211329
-0.066513,1.294205,-0.209804
-0.066523,1.294720,-0.207022
-0.066587,1.295268,-0.204991
-0.066639,1.296055,-0.204588
-0.066414,1.296974,-0.205051
-0.065824,1.297939,-0.205419
-0.065092,1.298942,-0.205446
-0.063873,1.300089,-0.205340
-0.062595,1.301113,-0.205254
-0.061678,1.302181,-0.205480
-0.061272,1.303232,-0.206202
-0.060856,1.304197,-0.206793
-0.059643,1.305194,-0.206663
-0.058189,1.306074,-0.206501
-0.056809,1.306965,-0.206281
-0.055807,1.307868,-0.205984
-0.055057,1.308737,-0.205982
-0.053843,1.309714,-0.205914
-0.052839,1.310466,-0.205836
-0.051650,1.311094,-0.205109
-0.050479,1.311671,-0.204483
-0.049555,1.312219,-0.204080
-0.048676,1.312754,-0.204051
-0.047614,1.313317,-0.203944
-0.046944,1.313735,-0.203670
-0.046016,1.314156,-0.203489
-0.044766,1.314504,-0.202872
-0.043990,1.314877,-0.202358
-0.043878,1.315250,-0.201935
-0.043592,1.315448,-0.201214
-0.042978,1.315521,-0.199948
-0.042357,1.315627,-0.198334
-0.041708,1.315853,-0.197540
-0.041203,1.316174,-0.197982
-0.040907,1.316561,-0.198811
-0.040418,1.316893,-0.198541
-0.040014,1.317199,-0.197906
-0.040176,1.317452,-0.196968
-0.040539,1.317681,-0.196354
-0.040627,1.317914,-0.196537
-0.040243,1.318131,-0.196937
-0.039788,1.318322,-0.197451
-0.039286,1.318495,-0.197294
-0.039121,1.318710,-0.196653
-0.039059,1.318989,-0.196234
-0.038845,1.319338,-0.195617
-0.038622,1.319662,-0.195547
-0.038284,1.319986,-0.195917
-0.037762,1.320393,-0.197154
-0.037492,1.320818,-0.199059
-0.037506,1.321159,-0.200299
-0.037534,1.321477,-0.200226
-0.037436,1.321712,-0.198935
-0.037323,1.321980,-0.196923
-0.037021,1.322318,-0.195445
-0.036676,1.322691,-0.195741
-0.036572,1.323123,-0.197011
-0.036827,1.323575,-0.198488
-0.037002,1.323934,-0.198899
-0.036903,1.324306,-0.198634
-0.036585,1.324668,-0.198552
-0.036534,1.325016,-0.198374
-0.036540,1.325432,-0.197637
-0.036210,1.325777,-0.197324
-0.035624,1.326123,-0.197156
-0.035207,1.326474,-0.196666
-0.034708,1.326897,-0.196163
-0.034066,1.327417,-0.195384
-0.033653,1.327953,-0.195329
-0.033396,1.328602,-0.196401
-0.032910,1.329262,-0.197691
-0.032142,1.329884,-0.198000
-0.031849,1.330448,-0.197053
-0.032000,1.331107,-0.195838
-0.032095,1.331736,-0.196421
-0.032380,1.332317,-0.198395
-0.032378,1.332812,-0.200507
-0.031989,1.333192,-0.201218
-0.031116,1.333536,-0.199469
-0.030263,1.333897,-0.197182
-0.029575,1.334368,-0.195940
-0.029189,1.334918,-0.196349
-0.028881,1.335416,-0.196934
-0.028358,1.335864,-0.196816
-0.028000,1.336394,-0.196713
-0.028158,1.336886,-0.197273
-0.028736,1.337338,-0.198176
-0.028947,1.337743,-0.198654
-0.028768,1.338142,-0.198144
-0.028482,1.338575,-0.197453
-0.028542,1.339070,-0.197342
-0.029357,1.339670,-0.198335
-0.030042,1.340228,-0.200289
-0.030619,1.340769,-0.202172
-0.031222,1.341150,-0.202726
-0.032005,1.341450,-0.202355
-0.033087,1.341724,-0.201606
-0.033851,1.341946,-0.201508
-0.034424,1.342170,-0.202022
-0.034185,1.342361,-0.202228
-0.033285,1.342522,-0.202372
-0.032268,1.342733,-0.202955
-0.030856,1.342988,-0.203917
-0.029792,1.343189,-0.203516
-0.028539,1.343439,-0.201674
-0.027210,1.343734,-0.199800
-0.026224,1.344125,-0.199222
-0.025371,1.344618,-0.200783
-0.024817,1.345002,-0.203353
-0.023758,1.345224,-0.205088
-0.022605,1.345363,-0.205330
-0.022170,1.345456,-0.205028
-0.022943,1.345595,-0.205313
-0.023601,1.345714,-0.206584
-0.024260,1.345816,-0.208020
-0.024878,1.345816,-0.208711
-0.025332,1.345676,-0.207986
-0.025837,1.345460,-0.206371
-0.026578,1.345273,-0.205212
-0.027695,1.345129,-0.205185
-0.028958,1.345025,-0.205320
-0.030295,1.344862,-0.204740
-0.031141,1.344659,-0.203528
-0.032076,1.344494,-0.202796
-0.033158,1.344387,-0.202774
-0.034187,1.344276,-0.202552
-0.034814,1.344120,-0.201563
-0.035312,1.344004,-0.200661
-0.035783,1.343960,-0.200274
-0.036278,1.343957,-0.199948
-0.036458,1.343978,-0.198890
-0.036815,1.344075,-0.198611
-0.037045,1.344197,-0.198788
-0.037182,1.344310,-0.198847
-0.037558,1.344432,-0.198898
-0.037826,1.344554,-0.199180
-0.037733,1.344711,-0.199433
-0.037423,1.344831,-0.198634
-0.037325,1.344945,-0.196780
-0.037352,1.345109,-0.194738
-0.037458,1.345376,-0.193353
-0.037011,1.345828,-0.192942
-0.036369,1.346347,-0.193906
-0.035775,1.346855,-0.195008
-0.035457,1.347321,-0.195337
-0.035095,1.347754,-0.194920
-0.034711,1.348164,-0.194396
-0.034371,1.348631,-0.194890
-0.034643,1.349023,-0.196643
-0.034935,1.349336,-0.198176
-0.034768,1.349598,-0.199090
-0.034351,1.349786,-0.199076
-0.034132,1.349967,-0.198406
-0.034094,1.350145,-0.197364
-0.034220,1.350293,-0.196702
-0.034715,1.350454,-0.196955
-0.035120,1.350599,-0.197321
-0.035677,1.350708,-0.197121
-0.036565,1.350922,-0.196720
-0.037652,1.351212,-0.196930
-0.038263,1.351576,-0.197419
-0.038619,1.351929,-0.197216
-0.038661,1.352281,-0.196368
-0.038903,1.352778,-0.196205
-0.039272,1.353155,-0.196814
-0.039540,1.353490,-0.197425
-0.039669,1.353814,-0.198034
-0.039539,1.354133,-0.198538
-0.038923,1.354384,-0.198783
-0.038012,1.354684,-0.198921
-0.036574,1.355095,-0.199108
-0.035631,1.355467,-0.199133
-0.035248,1.355834,-0.199241
-0.035286,1.356212,-0.199652
-0.035377,1.356600,-0.200221
-0.035305,1.357055,-0.201335
-0.034986,1.357399,-0.202288
-0.034718,1.357682,-0.202870
-0.034368,1.357933,-0.203335
-0.033981,1.358181,-0.204108
-0.033603,1.358462,-0.204974
-0.033221,1.358710,-0.204702
-0.033058,1.358943,-0.203854
-0.033134,1.359185,-0.203341
-0.033594,1.359529,-0.204581
-0.033692,1.359820,-0.206616
-0.032960,1.359976,-0.207525
-0.031917,1.360028,-0.206571
-0.031223,1.360075,-0.204881
-0.030531,1.360175,-0.203262
-0.029568,1.360337,-0.201551
-0.028534,1.360631,-0.200496
-0.027856,1.361131,-0.201280
-0.027524,1.361574,-0.202446
-0.027139,1.361960,-0.202775
-0.026707,1.362288,-0.201888
-0.026367,1.362652,-0.200994
-0.026707,1.363117,-0.201319
-0.027343,1.363518,-0.202973
-0.027852,1.363897,-0.205188
-0.027832,1.364179,-0.206910
-0.027283,1.364324,-0.207115
-0.026782,1.364467,-0.206314
-0.025785,1.364654,-0.204609
-0.025159,1.364880,-0.203854
-0.024885,1.365211,-0.203910
-0.024656,1.365556,-0.204412
-0.024678,1.365903,-0.205500
-0.024429,1.366215,-0.207295
-0.024102,1.366368,-0.208136
-0.023994,1.366410,-0.207804
-0.024131,1.366457,-0.206997
-0.024374,1.366505,-0.206473
-0.024902,1.366582,-0.206478
-0.025222,1.366642,-0.206489
-0.025585,1.366691,-0.206320
-0.026195,1.366737,-0.206375
-0.026635,1.366768,-0.206169
-0.027031,1.366797,-0.205502
-0.027054,1.366832,-0.204246
-0.027135,1.366938,-0.203955
-0.027279,1.367041,-0.204236
-0.027142,1.367188,-0.204549
-0.026814,1.367295,-0.204542
-0.026544,1.367463,-0.203393
-0.026386,1.367595,-0.202093
-0.026435,1.367754,-0.201105
-0.026490,1.367973,-0.201169
-0.026385,1.368205,-0.202064
-0.026168,1.368484,-0.203412
-0.026192,1.368661,-0.204052
-0.026238,1.368745,-0.203572
-0.026158,1.368801,-0.202606
-0.025960,1.368917,-0.201938
-0.025892,1.369051,-0.201484
-0.025641,1.369187,-0.201461
-0.025123,1.369314,-0.201156
-0.024417,1.369450,-0.200087
-0.023787,1.369600,-0.198413
-0.023302,1.369789,-0.197161
-0.023042,1.370016,-0.196484
-0.022639,1.370219,-0.196266
-0.021979,1.370499,-0.196559
-0.021406,1.370831,-0.197104
-0.021230,1.371149,-0.197865
-0.021476,1.371475,-0.198398
-0.021351,1.371670,-0.197759
-0.020988,1.371844,-0.196645
-0.020763,1.372007,-0.196207
-0.020835,1.372134,-0.196568
-0.020935,1.372217,-0.197383
-0.020700,1.372245,-0.198280
-0.020501,1.372223,-0.198807
-0.019845,1.372185,-0.198143
-0.019429,1.372172,-0.196881
-0.019375,1.372198,-0.195941
-0.019103,1.372262,-0.195014
-0.018944,1.372305,-0.194322
-0.019043,1.372361,-0.194624
-0.019064,1.372386,-0.195265
-0.019111,1.372414,-0.195921
-0.019352,1.372382,-0.195492
-0.019416,1.372334,-0.194243
-0.019292,1.372320,-0.192513
-0.019434,1.372369,-0.190790
-0.019523,1.372492,-0.189741
-0.019683,1.372740,-0.190349
-0.020132,1.373060,-0.192549
-0.020186,1.373291,-0.194383
-0.020338,1.373473,-0.195427
-0.020394,1.373605,-0.195528
-0.020267,1.373698,-0.195072
-0.019795,1.373751,-0.194756
-0.019519,1.373815,-0.195154
-0.019467,1.373896,-0.196242
-0.019641,1.374003,-0.197462
-0.020142,1.374104,-0.198569
-0.020984,1.374205,-0.199603
-0.021120,1.374202,-0.199159
-0.020764,1.374092,-0.197366
-0.019982,1.373963,-0.195268
-0.019033,1.373953,-0.194183
-0.018462,1.374018,-0.194149
-0.018351,1.374236,-0.194933
-0.018523,1.374513,-0.195892
-0.018340,1.374831,-0.196032
-0.018202,1.375179,-0.195500
-0.018434,1.375475,-0.195033
-0.018848,1.375782,-0.195802
-0.019714,1.376058,-0.197696
-0.020287,1.376179,-0.198858
-0.020854,1.376281,-0.199677
-0.021327,1.376380,-0.200494
-0.021449,1.376522,-0.200760
-0.021407,1.376655,-0.199573
-0.021063,1.376772,-0.197755
-0.020447,1.376957,-0.196274
-0.019800,1.377184,-0.195971
-0.019443,1.377435,-0.196254
-0.019005,1.377717,-0.196329
-0.018454,1.378053,-0.196270
-0.017803,1.378391,-0.195815
-0.017179,1.378766,-0.194949
-0.017062,1.379163,-0.194684
-0.017495,1.379580,-0.196169
-0.017962,1.379974,-0.198712
-0.018026,1.380218,-0.200358
-0.018185,1.380381,-0.200684
-0.018311,1.380518,-0.200950
-0.018322,1.380624,-0.201716
-0.017853,1.380692,-0.202299
-0.017390,1.380696,-0.202093
-0.016748,1.380707,-0.201435
-0.016185,1.380691,-0.200641
-0.015583,1.380643,-0.199343
-0.014899,1.380632,-0.197102
-0.014433,1.380705,-0.195254
-0.014351,1.380878,-0.195157
-0.014503,1.381100,-0.196146
-0.014562,1.381287,-0.197274
-0.014508,1.381423,-0.198012
-0.014144,1.381537,-0.198305
-0.013658,1.381591,-0.197574
-0.013360,1.381622,-0.196523
-0.013797,1.381768,-0.196664
-0.013919,1.381925,-0.197213
-0.013986,1.382147,-0.198518
-0.013830,1.382351,-0.199798
-0.013814,1.382489,-0.200513
-0.013533,1.382514,-0.200660
-0.013245,1.382504,-0.200575
-0.013111,1.382492,-0.201261
-0.013102,1.382437,-0.202739
-0.013146,1.382353,-0.203359
-0.012880,1.382251,-0.203298
-0.012620,1.382084,-0.202630
-0.012735,1.381950,-0.202203
-0.012943,1.381841,-0.202493
-0.013104,1.381683,-0.203116
-0.013409,1.381464,-0.202855
-0.013986,1.381220,-0.203035
-0.014617,1.380931,-0.203633
-0.014768,1.380651,-0.204266
-0.014441,1.380360,-0.203732
-0.014328,1.380173,-0.202536
-0.015085,1.380041,-0.201636
-0.016076,1.379948,-0.201378
-0.016684,1.379872,-0.202118
-0.016810,1.379810,-0.203076
-0.016914,1.379714,-0.203669
-0.017754,1.379617,-0.203620
-0.018835,1.379552,-0.203691
-0.019620,1.379520,-0.203564
-0.019791,1.379492,-0.203099
-0.020065,1.379521,-0.203062
-0.020147,1.379519,-0.203509
-0.020384,1.379441,-0.203799
-0.020665,1.379369,-0.203952
-0.020962,1.379337,-0.203988
-0.021184,1.379358,-0.203916
-0.021398,1.379425,-0.204153
-0.021635,1.379504,-0.204861
-0.021722,1.379559,-0.205069
-0.022093,1.379640,-0.205334
-0.022900,1.379716,-0.206078
-0.023868,1.379768,-0.206692
-0.024458,1.379743,-0.206692
-0.024636,1.379653,-0.205853
-0.024533,1.379616,-0.205005
-0.024345,1.379637,-0.204947
-0.024100,1.379697,-0.204932
-0.023903,1.379807,-0.203761
-0.023837,1.379901,-0.202990
-0.023549,1.380013,-0.202837
-0.023051,1.380147,-0.203153
-0.022776,1.380253,-0.202737
-0.022701,1.380364,-0.201548
-0.023011,1.380500,-0.200874
-0.023361,1.380698,-0.201485
-0.023585,1.380913,-0.202831
-0.023647,1.381064,-0.204048
-0.023640,1.381135,-0.204621
-0.023506,1.381159,-0.204532
-0.023276,1.381131,-0.203739
-0.022872,1.381101,-0.202839
-0.022705,1.381113,-0.202415
-0.022462,1.381161,-0.202452
-0.022181,1.381205,-0.202369
-0.021725,1.381254,-0.201807
-0.021130,1.381341,-0.200770
-0.020894,1.381457,-0.200280
-0.020644,1.381637,-0.200378
-0.019984,1.381860,-0.200238
-0.019525,1.382065,-0.200471
-0.019330,1.382278,-0.201574
-0.019366,1.382444,-0.203086
-0.019319,1.382535,-0.204573
-0.019343,1.382594,-0.206320
-0.018784,1.382541,-0.207513
-0.018219,1.382403,-0.207076
-0.017794,1.382263,-0.205608
-0.017463,1.382188,-0.204322
-0.017466,1.382162,-0.204171
-0.017554,1.382157,-0.204967
-0.017448,1.382123,-0.205466
-0.017154,1.382028,-0.205316
-0.016745,1.381910,-0.204568
-0.016629,1.381795,-0.204346
-0.017022,1.381710,-0.205183
-0.017738,1.381634,-0.206324
-0.018615,1.381552,-0.207408
-0.019425,1.381503,-0.208008
-0.020067,1.381396,-0.207340
-0.020399,1.381235,-0.206242
-0.020593,1.381071,-0.205324
-0.020887,1.380956,-0.205419
-0.021057,1.380921,-0.206067
-0.021446,1.380910,-0.206295
-0.021700,1.380911,-0.205202
-0.021823,1.380963,-0.203317
-0.021775,1.381132,-0.202304
-0.022010,1.381339,-0.202044
-0.022561,1.381566,-0.202233
-0.023515,1.381752,-0.202994
-0.024215,1.381950,-0.204496
-0.024711,1.382137,-0.205823
-0.024977,1.382226,-0.206340
-0.025182,1.382370,-0.206738
-0.025384,1.382519,-0.207309
-0.025590,1.382649,-0.207998
-0.025446,1.382741,-0.208287
-0.025110,1.382767,-0.208133
-0.025242,1.382746,-0.207650
-0.025192,1.382642,-0.206397
-0.025058,1.382598,-0.205155
-0.024694,1.382600,-0.204720
-0.024093,1.382653,-0.205151
-0.023575,1.382672,-0.204976
-0.023031,1.382683,-0.203941
-0.022390,1.382734,-0.202490
-0.022043,1.382886,-0.202097
-0.021792,1.383090,-0.202068
-0.021528,1.383276,-0.201807
-0.021503,1.383472,-0.201723
-0.021591,1.383632,-0.201451
-0.021561,1.383756,-0.201687
-0.021702,1.383898,-0.202748
-0.021709,1.384011,-0.204334
-0.021491,1.384046,-0.204618
-0.021376,1.384055,-0.203542
-0.021496,1.384058,-0.201718
-0.021403,1.384104,-0.200418
-0.020926,1.384206,-0.199550
-0.020848,1.384342,-0.199520
-0.020990,1.384480,-0.200158
-0.020942,1.384608,-0.200968
-0.021073,1.384726,-0.201613
-0.021166,1.384860,-0.201918
-0.021396,1.384940,-0.202245
-0.021572,1.384947,-0.202587
-0.021445,1.384886,-0.202894
-0.021199,1.384756,-0.202957
-0.021229,1.384600,-0.203081
-0.021767,1.384465,-0.203416
-0.022204,1.384386,-0.204194
-0.022466,1.384323,-0.204673
-0.022688,1.384236,-0.203988
-0.023062,1.384107,-0.202934
-0.023333,1.383970,-0.202482
-0.023358,1.383775,-0.202904
-0.023397,1.383589,-0.203394
-0.023265,1.383391,-0.203231
-0.023199,1.383219,-0.202325
-0.023546,1.383125,-0.200799
-0.024042,1.383142,-0.199738
-0.024391,1.383202,-0.200015
-0.024978,1.383237,-0.200056
-0.025806,1.383234,-0.200023
-0.026552,1.383196,-0.199727
-0.027069,1.383152,-0.199250
-0.027397,1.383190,-0.199621
-0.027636,1.383282,-0.200267
-0.027709,1.383374,-0.200718
-0.027773,1.383476,-0.200898
-0.027855,1.383579,-0.201079
-0.027719,1.383609,-0.201075
-0.027252,1.383572,-0.201237
-0.026778,1.383524,-0.201153
-0.026450,1.383473,-0.201252
-0.026416,1.383426,-0.201191
-0.026302,1.383432,-0.200859
-0.026181,1.383483,-0.200561
-0.026248,1.383524,-0.200736
-0.026321,1.383514,-0.200898
-0.026440,1.383482,-0.201549
-0.026748,1.383400,-0.202607
-0.026880,1.383225,-0.203522
-0.027209,1.383082,-0.204091
-0.027495,1.382948,-0.204359
-0.027769,1.382854,-0.203978
-0.027888,1.382764,-0.202984
-0.028136,1.382715,-0.202471
-0.027948,1.382630,-0.202579
-0.028045,1.382520,-0.203254
-0.028170,1.382436,-0.203164
-0.028170,1.382345,-0.202116
-0.028411,1.382313,-0.200726
-0.028638,1.382354,-0.199902
-0.028996,1.382462,-0.200198
-0.029594,1.382553,-0.201260
-0.030046,1.382592,-0.201992
-0.029934,1.382521,-0.201166
-0.029843,1.382463,-0.199307
-0.030085,1.382510,-0.198044
-0.030480,1.382680,-0.198561
-0.030754,1.382868,-0.199883
-0.030608,1.383068,-0.200803
-0.030075,1.383199,-0.200673
-0.029797,1.383271,-0.200230
-0.030367,1.383308,-0.200556
-0.030780,1.383343,-0.201710
-0.030971,1.383320,-0.202719
-0.030740,1.383291,-0.203121
-0.030696,1.383223,-0.202488
-0.030616,1.383122,-0.200873
-0.030630,1.383142,-0.200626
-0.030662,1.383195,-0.201451
-0.030615,1.383240,-0.202068
-0.030821,1.383234,-0.202165
-0.031518,1.383177,-0.201814
-0.031700,1.383056,-0.200603
-0.031369,1.383005,-0.199190
-0.031248,1.383040,-0.198252
-0.031246,1.383176,-0.197700
-0.031604,1.383386,-0.197947
-0.032176,1.383694,-0.198659
-0.032686,1.383903,-0.198797
-0.033143,1.384084,-0.199059
-0.033835,1.384249,-0.199559
-0.034368,1.384363,-0.199996
-0.034628,1.384405,-0.199438
-0.034659,1.384423,-0.198037
-0.034801,1.384587,-0.197573
-0.034780,1.384807,-0.198084
-0.034805,1.385064,-0.199406
-0.034685,1.385298,-0.200044
-0.034163,1.385536,-0.199316
-0.033739,1.385766,-0.198194
-0.033744,1.386056,-0.197355
-0.033634,1.386379,-0.197396
-0.033149,1.386721,-0.198400
-0.032288,1.387049,-0.199660
-0.031329,1.387330,-0.200350
-0.030565,1.387561,-0.199943
-0.030351,1.387798,-0.199463
-0.030100,1.388128,-0.199952
-0.029747,1.388493,-0.201711
-0.029321,1.388743,-0.202800
-0.028825,1.388917,-0.202700
-0.028400,1.389069,-0.201287
-0.028416,1.389309,-0.200672
-0.028278,1.389616,-0.201504
-0.027489,1.389967,-0.202943
-0.026614,1.390277,-0.203276
-0.025796,1.390594,-0.202266
-0.025281,1.390923,-0.201032
-0.024876,1.391239,-0.200344
-0.024304,1.391614,-0.201212
-0.024011,1.391952,-0.202925
-0.023975,1.392293,-0.205105
-0.023713,1.392600,-0.207004
-0.023150,1.392809,-0.208529
-0.022579,1.392955,-0.209124
-0.022071,1.393001,-0.208602
-0.021382,1.393016,-0.207455
-0.020540,1.393055,-0.205945
-0.019656,1.393161,-0.205214
-0.019021,1.393346,-0.205435
-0.018220,1.393590,-0.205819
-0.018172,1.393777,-0.205937
-0.018448,1.394016,-0.205944
-0.018470,1.394212,-0.205892
-0.018711,1.394412,-0.206479
-0.018860,1.394567,-0.206974
-0.018836,1.394644,-0.206942
-0.019042,1.394695,-0.206648
-0.019095,1.394799,-0.206519
-0.018718,1.394948,-0.207203
-0.018080,1.395155,-0.207738
-0.017716,1.395316,-0.207071
-0.017160,1.395462,-0.205352
-0.017052,1.395650,-0.203952
-0.017021,1.395914,-0.204178
-0.017149,1.396244,-0.205969
-0.017106,1.396552,-0.207815
-0.016959,1.396794,-0.208814
-0.016760,1.397000,-0.209084
-0.016722,1.397167,-0.209086
-0.016657,1.397302,-0.209193
-0.016392,1.397419,-0.209908
-0.016227,1.397463,-0.211022
-0.016030,1.397434,-0.211696
-0.015615,1.397394,-0.212218
-0.014894,1.397324,-0.211675
-0.014050,1.397283,-0.210641
-0.013160,1.397350,-0.210535
-0.012644,1.397400,-0.210885
-0.012590,1.397426,-0.210566
-0.012942,1.397413,-0.209717
-0.013321,1.397419,-0.209267
-0.014056,1.397408,-0.210381
-0.014673,1.397312,-0.211451
-0.015015,1.397159,-0.211561
-0.015180,1.396997,-0.211189
-0.015555,1.396861,-0.210554
-0.016064,1.396749,-0.209889
-0.016036,1.396668,-0.208808
-0.015645,1.396600,-0.207698
-0.015657,1.396638,-0.206894
-0.016029,1.396719,-0.206674
-0.016284,1.396791,-0.206550
-0.016563,1.396855,-0.206457
-0.016770,1.396953,-0.206610
-0.016984,1.397038,-0.207054
-0.017282,1.397127,-0.207216
-0.017720,1.397215,-0.207388
-0.018489,1.397283,-0.208520
-0.018369,1.397323,-0.210265
-0.018164,1.397285,-0.211372
-0.017922,1.397198,-0.211322
-0.017903,1.397067,-0.210301
-0.018196,1.396953,-0.209145
-0.018302,1.396891,-0.208200
-0.018144,1.396917,-0.208412
-0.018097,1.396904,-0.208966
-0.018042,1.396906,-0.209181
-0.018094,1.396943,-0.209227
-0.018317,1.396994,-0.208448
-0.018572,1.397046,-0.206917
-0.019071,1.397126,-0.206455
-0.019334,1.397258,-0.207397
-0.019441,1.397349,-0.208636
-0.019588,1.397379,-0.209460
-0.019817,1.397423,-0.209693
-0.019865,1.397483,-0.209821
-0.019945,1.397543,-0.209046
-0.020127,1.397622,-0.208131
-0.020166,1.397737,-0.207672
-0.020295,1.397859,-0.208399
-0.020552,1.397988,-0.210087
-0.021114,1.398061,-0.211740
-0.021641,1.398080,-0.213450
-0.021889,1.398019,-0.214470
-0.021464,1.397882,-0.213876
-0.020601,1.397689,-0.212097
-0.019609,1.397557,-0.210327
-0.018504,1.397497,-0.209201
-0.017633,1.397506,-0.208970
-0.017154,1.397575,-0.209581
-0.016671,1.397611,-0.209985
-0.016731,1.397621,-0.210147
-0.017009,1.397635,-0.210563
-0.017043,1.397610,-0.210488
-0.016610,1.397570,-0.209512
-0.016583,1.397574,-0.208471
-0.017061,1.397614,-0.208194
-0.017683,1.397563,-0.209187
-0.018245,1.397552,-0.211581
-0.018489,1.397588,-0.215588
-0.018623,1.397596,-0.218925
-0.018766,1.397564,-0.219075
-0.018260,1.397463,-0.214993
-0.017591,1.397501,-0.210504
-0.017189,1.397674,-0.208521
-0.017041,1.397917,-0.209265
-0.016938,1.398129,-0.211044
-0.016687,1.398274,-0.212389
-0.016565,1.398360,-0.213146
-0.016319,1.398461,-0.213657
-0.015986,1.398570,-0.213762
-0.015393,1.398700,-0.213198
-0.015059,1.398846,-0.212216
-0.014999,1.398990,-0.212165
-0.014967,1.399034,-0.213045
-0.014422,1.399031,-0.214325
-0.013733,1.398968,-0.214712
-0.013291,1.398949,-0.214323
-0.013287,1.398995,-0.213595
-0.013467,1.399113,-0.213582
-0.013563,1.399240,-0.213574
-0.013376,1.399360,-0.213219
-0.013535,1.399428,-0.213465
-0.013801,1.399451,-0.213875
-0.014317,1.399418,-0.214310
-0.014871,1.399356,-0.214629
-0.015209,1.399327,-0.214721
-0.015339,1.399330,-0.214815
-0.015417,1.399377,-0.214377
-0.015423,1.399459,-0.213646
-0.015881,1.399593,-0.213403
-0.016428,1.399667,-0.212944
-0.016709,1.399675,-0.212350
-0.017025,1.399663,-0.211840
-0.017266,1.399699,-0.212150
-0.017618,1.399786,-0.213068
-0.018126,1.399901,-0.213993
-0.018433,1.399993,-0.214063
-0.018560,1.400004,-0.213751
-0.018523,1.399994,-0.212822
-0.018444,1.399941,-0.211646
-0.018261,1.399905,-0.211520
-0.018151,1.399931,-0.212779
-0.018264,1.399929,-0.214167
-0.018037,1.399879,-0.214398
-0.017348,1.399807,-0.213016
-0.016604,1.399777,-0.210292
-0.016143,1.399809,-0.208302
-0.016086,1.399893,-0.207460
-0.016479,1.400013,-0.207833
-0.016919,1.400141,-0.209154
-0.017143,1.400297,-0.210481
-0.017306,1.400432,-0.210746
-0.017188,1.400537,-0.210293
-0.016836,1.400617,-0.209583
-0.016907,1.400651,-0.208882
-0.016862,1.400706,-0.208798
-0.016643,1.400721,-0.209443
-0.016529,1.400701,-0.209951
-0.016187,1.400709,-0.209980
-0.015912,1.400759,-0.210244
-0.015661,1.400835,-0.210797
-0.015497,1.400896,-0.210838
-0.015616,1.400899,-0.210574
-0.015630,1.400885,-0.210304
-0.015459,1.400836,-0.209886
-0.015515,1.400756,-0.209829
-0.015519,1.400643,-0.209749
-0.015136,1.400548,-0.209676
-0.014823,1.400496,-0.209493
-0.014685,1.400481,-0.209328
-0.014731,1.400490,-0.209043
-0.014954,1.400514,-0.209229
-0.015057,1.400518,-0.209740
-0.015091,1.400436,-0.209960
-0.015514,1.400316,-0.209892
-0.015702,1.400174,-0.209358
-0.015835,1.400036,-0.208740
-0.016519,1.399919,-0.208723
-0.016988,1.399876,-0.208997
-0.017256,1.399863,-0.209551
-0.017579,1.399850,-0.209926
-0.017899,1.399783,-0.210041
-0.018277,1.399702,-0.210488
-0.018431,1.399529,-0.210253
-0.018425,1.399355,-0.209391
-0.018528,1.399230,-0.208743
-0.018723,1.399168,-0.208667
-0.019125,1.399147,-0.209109
-0.020050,1.399141,-0.209526
-0.020505,1.399122,-0.209923
-0.020761,1.399066,-0.209917
-0.020939,1.398928,-0.209127
-0.020955,1.398820,-0.208364
-0.021003,1.398717,-0.207633
-0.021492,1.398714,-0.207777
-0.021726,1.398744,-0.208443
-0.021572,1.398777,-0.208715
-0.021386,1.398767,-0.208109
-0.021140,1.398766,-0.206811
-0.020738,1.398840,-0.205977
-0.020774,1.398965,-0.206190
-0.020981,1.399106,-0.206851
-0.020944,1.399156,-0.206590
-0.020876,1.399178,-0.205903
-0.020752,1.399245,-0.205506
-0.020661,1.399360,-0.206096
-0.020694,1.399494,-0.207161
-0.020671,1.399616,-0.208124
-0.020382,1.399652,-0.207969
-0.020122,1.399606,-0.206481
-0.019727,1.399529,-0.204363
-0.019725,1.399611,-0.203968
-0.020220,1.399713,-0.204871
-0.021096,1.399813,-0.206051
-0.021603,1.399866,-0.206713
-0.021687,1.399852,-0.206849
-0.021292,1.399813,-0.206239
-0.020764,1.399796,-0.205510
-0.020519,1.399822,-0.205230
-0.020413,1.399844,-0.204624
-0.020474,1.399898,-0.203670
-0.020730,1.399986,-0.202862
-0.020930,1.400108,-0.203291
-0.021012,1.400171,-0.204352
-0.021294,1.400192,-0.205050
-0.021526,1.400172,-0.204930
-0.021667,1.400155,-0.204194
-0.022051,1.400192,-0.203376
-0.022340,1.400255,-0.203351
-0.022966,1.400312,-0.203970
-0.023622,1.400365,-0.204888
-0.024535,1.400400,-0.205642
-0.025638,1.400374,-0.205956
-0.026380,1.400326,-0.205433
-0.026985,1.400257,-0.204464
-0.027347,1.400200,-0.203206
-0.027711,1.400248,-0.202545
-0.028206,1.400355,-0.202334
-0.029376,1.400530,-0.202798
-0.030191,1.400683,-0.203275
-0.030578,1.400816,-0.203005
-0.030973,1.400931,-0.201922
-0.031465,1.401109,-0.201126
-0.031800,1.401359,-0.201599
-0.031843,1.401586,-0.203187
-0.031745,1.401775,-0.204847
-0.031602,1.401877,-0.204761
-0.031351,1.401959,-0.203784
-0.030763,1.402147,-0.202494
-0.029964,1.402387,-0.201576
-0.029290,1.402704,-0.201500
-0.028958,1.403047,-0.202231
-0.028703,1.403367,-0.203196
-0.028095,1.403749,-0.204242
-0.027937,1.404066,-0.205472
-0.027816,1.404361,-0.206600
-0.027638,1.404597,-0.207499
-0.026911,1.404761,-0.208084
-0.025892,1.404933,-0.209072
-0.024887,1.405040,-0.209599
-0.024295,1.405075,-0.209282
-0.023823,1.405153,-0.209388
-0.023360,1.405259,-0.209614
-0.022692,1.405406,-0.209630
-0.021935,1.405546,-0.209400
-0.021540,1.405692,-0.209673
-0.021498,1.405804,-0.210353
-0.021579,1.405813,-0.210765
-0.021662,1.405856,-0.210857
-0.021416,1.405936,-0.211036
-0.021586,1.406052,-0.211281
-0.022385,1.406164,-0.211383
-0.023170,1.406283,-0.211663
-0.023407,1.406336,-0.211647
-0.023681,1.406347,-0.211129
-0.024064,1.406377,-0.211224
-0.024607,1.406451,-0.211958
-0.025421,1.406531,-0.212825
-0.026506,1.406592,-0.213670
-0.027127,1.406552,-0.213864
-0.027335,1.406479,-0.213534
-0.027570,1.406398,-0.212628
-0.028035,1.406354,-0.211842
-0.028626,1.406338,-0.211998
-0.028811,1.406350,-0.212041
-0.029099,1.406366,-0.211931
-0.029406,1.406385,-0.211072
-0.029703,1.406402,-0.210115
-0.029650,1.406438,-0.209575
-0.029303,1.406496,-0.208853
-0.028997,1.406572,-0.207836
-0.028756,1.406660,-0.207067
-0.028950,1.406879,-0.207815
-0.029219,1.407118,-0.209490
-0.029431,1.407350,-0.211339
-0.029689,1.407560,-0.212646
-0.029967,1.407631,-0.211946
-0.030181,1.407607,-0.210693
-0.030205,1.407609,-0.210395
-0.030401,1.407605,-0.211028
-0.030802,1.407591,-0.211789
-0.031246,1.407539,-0.212299
-0.031402,1.407505,-0.211960
-0.031777,1.407510,-0.211426
-0.031854,1.407561,-0.210079
-0.031462,1.407653,-0.208114
-0.031172,1.407845,-0.207233
-0.030783,1.408080,-0.207952
-0.030263,1.408335,-0.209759
-0.030186,1.408524,-0.211143
-0.030446,1.408730,-0.212546
-0.030874,1.408894,-0.213531
-0.031338,1.408948,-0.214061
-0.031249,1.408941,-0.214220
-0.030616,1.408873,-0.213991
-0.030308,1.408801,-0.213560
-0.030647,1.408794,-0.213815
-0.031233,1.408792,-0.214494
-0.032030,1.408736,-0.215146
-0.032262,1.408659,-0.214782
-0.032016,1.408586,-0.213933
-0.031493,1.408459,-0.212992
-0.030917,1.408315,-0.211814
-0.030460,1.408166,-0.210120
-0.030729,1.408140,-0.209593
-0.031443,1.408192,-0.209935
-0.031927,1.408272,-0.209947
-0.031998,1.408387,-0.209523
-0.031712,1.408527,-0.208428
-0.032140,1.408751,-0.208482
-0.032924,1.408987,-0.209788
-0.033506,1.409239,-0.212225
-0.033594,1.409367,-0.214296
-0.033709,1.409389,-0.214838
-0.033637,1.409378,-0.214162
-0.033562,1.409375,-0.213419
-0.033356,1.409427,-0.213626
-0.032723,1.409463,-0.214113
-0.032212,1.409482,-0.214363
-0.031995,1.409497,-0.214502
-0.031893,1.409496,-0.214647
-0.031730,1.409547,-0.214757
-0.031800,1.409635,-0.215372
-0.031975,1.409637,-0.215968
-0.032042,1.409591,-0.215975
-0.032152,1.409474,-0.215191
-0.032493,1.409347,-0.214794
-0.032436,1.409142,-0.214713
-0.031965,1.409016,-0.215095
-0.031487,1.408924,-0.215359
-0.031464,1.408881,-0.215040
-0.031674,1.408802,-0.213402
-0.031583,1.408721,-0.211056
-0.031111,1.408781,-0.209787
-0.030745,1.408941,-0.210204
-0.030779,1.409128,-0.211654
-0.030980,1.409262,-0.212588
-0.031172,1.409371,-0.212998
-0.031192,1.409491,-0.213062
-0.030790,1.409559,-0.213012
-0.030482,1.409601,-0.212890
-0.030604,1.409580,-0.212983
-0.030836,1.409516,-0.212927
-0.031182,1.409416,-0.212524
-0.031463,1.409343,-0.212595
-0.031539,1.409278,-0.212887
-0.031270,1.409190,-0.213215
-0.031196,1.409033,-0.213210
-0.030793,1.408820,-0.212473
-0.029386,1.408549,-0.210720
-0.028334,1.408379,-0.209222
-0.027674,1.408293,-0.208272
-0.027556,1.408280,-0.208427
-0.027981,1.408280,-0.209020
-0.028196,1.408307,-0.209851
-0.028253,1.408363,-0.210990
-0.028211,1.408288,-0.211290
-0.028273,1.408133,-0.210952
-0.028197,1.407945,-0.211032
-0.028360,1.407773,-0.211553
-0.028641,1.407619,-0.212099
-0.029401,1.407466,-0.212963
-0.030033,1.407278,-0.212768
-0.030352,1.407086,-0.211405
-0.030737,1.406914,-0.209703
-0.031130,1.406803,-0.208612
-0.031517,1.406760,-0.207854
-0.032272,1.406678,-0.207526
-0.033189,1.406635,-0.208074
-0.033970,1.406583,-0.208815
-0.034539,1.406479,-0.209108
-0.034836,1.406447,-0.209187
-0.035059,1.406460,-0.209067
-0.035442,1.406472,-0.208842
-0.035847,1.406508,-0.208759
-0.036116,1.406554,-0.208970
-0.036502,1.406557,-0.209325
-0.037323,1.406570,-0.209578
-0.037707,1.406541,-0.208812
-0.038214,1.406432,-0.207022
-0.038419,1.406335,-0.204819
-0.038109,1.406326,-0.202662
-0.037542,1.406425,-0.200837
-0.037299,1.406693,-0.199191
-0.037020,1.407016,-0.198043
-0.036563,1.407446,-0.197500
-0.036294,1.407957,-0.198098
-0.035939,1.408516,-0.199759
-0.035697,1.409110,-0.202565
-0.035492,1.409545,-0.205007
-0.035095,1.409875,-0.206881
-0.034802,1.410078,-0.208085
-0.034688,1.410184,-0.208905
-0.034077,1.410184,-0.209568
-0.033096,1.410073,-0.210032
-0.032102,1.409903,-0.210010
-0.031073,1.409738,-0.209932
-0.030471,1.409597,-0.209419
-0.030326,1.409447,-0.208279
-0.030462,1.409365,-0.207796
-0.031100,1.409344,-0.209734
-0.031587,1.409398,-0.213675
-0.031971,1.409374,-0.215689
-0.032572,1.409285,-0.215039
-0.033526,1.409171,-0.212929
-0.034486,1.409101,-0.211294
-0.035013,1.409130,-0.210969
-0.035371,1.409258,-0.211520
-0.035925,1.409342,-0.211608
-0.036781,1.409401,-0.211232
-0.037877,1.409494,-0.210694
-0.038578,1.409675,-0.210715
-0.039374,1.410006,-0.211977
-0.040019,1.410317,-0.213469
-0.040572,1.410533,-0.214010
-0.040854,1.410658,-0.213771
-0.040982,1.410799,-0.213624
-0.041313,1.410921,-0.214419
-0.041777,1.411071,-0.216511
-0.042159,1.411098,-0.218187
-0.042583,1.411021,-0.218743
-0.042509,1.410891,-0.218333
-0.042053,1.410793,-0.217561
-0.041596,1.410729,-0.216719
-0.041490,1.410662,-0.216100
-0.041370,1.410589,-0.215653
-0.041220,1.410498,-0.215035
-0.041188,1.410442,-0.214348
-0.041441,1.410470,-0.213746
-0.042316,1.410596,-0.214271
-0.043396,1.410758,-0.215346
-0.044073,1.410917,-0.216074
-0.044245,1.411036,-0.216451
-0.044007,1.411082,-0.216310
-0.044112,1.411051,-0.215847
-0.044144,1.410997,-0.215164
-0.044257,1.410975,-0.214516
-0.044456,1.410980,-0.214119
-0.044487,1.411054,-0.214035
-0.044379,1.411179,-0.213940
-0.043935,1.411307,-0.213120
-0.043456,1.411428,-0.212589
-0.043169,1.411546,-0.212162
-0.043137,1.411609,-0.211599
-0.042877,1.411682,-0.211810
-0.042689,1.411834,-0.213476
-0.042729,1.411944,-0.215426
-0.042801,1.412048,-0.217224
-0.042831,1.412036,-0.217877
-0.042763,1.411903,-0.217505
-0.042481,1.411738,-0.216796
-0.042307,1.411512,-0.216207
-0.042324,1.411385,-0.216477
-0.042562,1.411273,-0.217502
-0.042969,1.411182,-0.218602
-0.043250,1.411052,-0.218806
-0.043319,1.410933,-0.218428
-0.043405,1.410775,-0.217523
-0.043382,1.410609,-0.216386
-0.043581,1.410436,-0.215391
-0.044132,1.410303,-0.214918
-0.044693,1.410210,-0.214915
-0.045313,1.410122,-0.214734
-0.045697,1.410063,-0.214401
-0.046374,1.410044,-0.214534
-0.047102,1.410021,-0.214839
-0.047374,1.409976,-0.215026
-0.046871,1.409872,-0.214239
-0.046336,1.409749,-0.212910
-0.046058,1.409744,-0.212146
-0.046625,1.409902,-0.212723
-0.047564,1.410092,-0.213623
-0.047975,1.410280,-0.214112
-0.047672,1.410506,-0.214056
-0.047409,1.410735,-0.213961
-0.047317,1.410948,-0.214329
-0.047895,1.411180,-0.215311
-0.048137,1.411427,-0.216898
-0.047878,1.411658,-0.218393
-0.048018,1.411859,-0.219699
-0.048247,1.412032,-0.220243
-0.048440,1.412161,-0.220492
-0.048784,1.412250,-0.220098
-0.049121,1.412271,-0.218590
-0.049445,1.412342,-0.216694
-0.049644,1.412401,-0.215447
-0.049446,1.412537,-0.214458
-0.049160,1.412743,-0.213900
-0.049480,1.413038,-0.213957
-0.050051,1.413414,-0.214814
-0.050654,1.413765,-0.215684
-0.050622,1.414092,-0.215672
-0.050547,1.414377,-0.214542
-0.050677,1.414603,-0.213027
-0.050678,1.414871,-0.211747
-0.050454,1.415143,-0.211997
-0.049873,1.415471,-0.212940
-0.049400,1.415830,-0.213792
-0.048945,1.416181,-0.213681
-0.048067,1.416596,-0.212648
-0.047429,1.417075,-0.212862
-0.047061,1.417541,-0.213692
-0.046690,1.417955,-0.214543
-0.046154,1.418235,-0.214910
-0.045366,1.418490,-0.215378
-0.044456,1.418779,-0.216378
-0.043564,1.419052,-0.217506
-0.042559,1.419330,-0.218321
-0.041506,1.419540,-0.218265
-0.040434,1.419720,-0.217370
-0.039467,1.419890,-0.217190
-0.038752,1.420066,-0.217817
-0.038111,1.420183,-0.218985
-0.037647,1.420262,-0.220015
-0.036774,1.420350,-0.220502
-0.035398,1.420410,-0.219911
-0.034438,1.420518,-0.219433
-0.033856,1.420658,-0.219806
-0.033429,1.420767,-0.220648
-0.033149,1.420788,-0.221551
-0.032906,1.420742,-0.222689
-0.033136,1.420599,-0.224378
-0.033375,1.420368,-0.225046
-0.033602,1.420083,-0.224606
-0.034052,1.419833,-0.224133
-0.034432,1.419614,-0.223457
-0.034815,1.419402,-0.222650
-0.035265,1.419156,-0.221662
-0.035676,1.418970,-0.221071
-0.036371,1.418828,-0.221199
-0.037207,1.418715,-0.221897
-0.038188,1.418620,-0.222615
-0.039238,1.418522,-0.222950
-0.040358,1.418383,-0.223043
-0.040636,1.418254,-0.222791
-0.040375,1.418109,-0.222146
-0.040275,1.417989,-0.221829
-0.040385,1.417959,-0.222379
-0.040550,1.417907,-0.223103
-0.040666,1.417856,-0.222806
-0.040703,1.417820,-0.221809
-0.040941,1.417841,-0.221047
-0.040807,1.417894,-0.221151
-0.040713,1.417966,-0.221885
-0.040902,1.418033,-0.222747
-0.041475,1.418079,-0.223070
-0.042368,1.418171,-0.223459
-0.043158,1.418322,-0.223842
-0.043617,1.418450,-0.224245
-0.043869,1.418601,-0.225129
-0.043972,1.418669,-0.226046
-0.043906,1.418629,-0.226914
-0.043862,1.418494,-0.226461
-0.043994,1.418344,-0.225628
-0.044242,1.418235,-0.224883
-0.044520,1.418170,-0.224240
-0.045023,1.418204,-0.223783
-0.045104,1.418183,-0.222358
-0.044990,1.418190,-0.220951
-0.044546,1.418162,-0.219805
-0.044351,1.418167,-0.219342
-0.044391,1.418185,-0.219291
-0.044385,1.418225,-0.218986
-0.044319,1.418288,-0.218425
-0.044536,1.418386,-0.217849
-0.044844,1.418592,-0.218033
-0.045251,1.418856,-0.218433
-0.045775,1.419070,-0.219009
-0.046348,1.419259,-0.219810
-0.047029,1.419390,-0.221050
-0.047767,1.419447,-0.222079
-0.048059,1.419473,-0.222552
-0.048034,1.419545,-0.223083
-0.047749,1.419557,-0.222582
-0.047387,1.419541,-0.221122
-0.047331,1.419572,-0.219627
-0.047341,1.419640,-0.218323
-0.047079,1.419861,-0.218176
-0.046820,1.420104,-0.218874
-0.046813,1.420415,-0.219749
-0.046705,1.420661,-0.219854
-0.046190,1.420947,-0.219491
-0.045135,1.421260,-0.218951
-0.043741,1.421611,-0.219259
-0.042859,1.421917,-0.220935
-0.041985,1.422187,-0.223436
-0.041255,1.422419,-0.226026
-0.040498,1.422491,-0.227589
-0.039530,1.422422,-0.227896
-0.038853,1.422354,-0.228036
-0.038349,1.422295,-0.228490
-0.037724,1.422230,-0.228627
-0.037443,1.422134,-0.228406
-0.037696,1.422016,-0.228079
-0.038305,1.421910,-0.228338
-0.038992,1.421771,-0.228965
-0.039719,1.421606,-0.229236
-0.040379,1.421456,-0.229490
-0.040894,1.421294,-0.228972
-0.041416,1.421054,-0.226605
-0.042000,1.420907,-0.224215
-0.042602,1.420861,-0.222435
-0.042938,1.420890,-0.221388
-0.042861,1.420869,-0.219999
-0.042453,1.420859,-0.218951
-0.042866,1.421023,-0.220444
-0.043962,1.421319,-0.224996
-0.045508,1.421751,-0.231442
-0.046982,1.422260,-0.237855
-0.047662,1.422688,-0.242012
-0.047234,1.422925,-0.241641
-0.046692,1.423050,-0.238535
-0.046077,1.423212,-0.235984
-0.045580,1.423454,-0.235900
-0.045291,1.423683,-0.237484
-0.045122,1.423819,-0.239343
-0.045197,1.423889,-0.241542
-0.045198,1.423890,-0.242813
-0.044930,1.423851,-0.242786
-0.044248,1.423823,-0.241459
-0.043485,1.423786,-0.239445
-0.042656,1.423751,-0.237699
-0.041728,1.423732,-0.236624
-0.041334,1.423713,-0.236279
-0.041249,1.423676,-0.235678
-0.041812,1.423680,-0.235530
-0.042680,1.423707,-0.235308
-0.043550,1.423785,-0.235360
-0.044095,1.423871,-0.235907
-0.044526,1.423883,-0.235890
-0.044150,1.423745,-0.233630
-0.043783,1.423499,-0.229943
-0.043921,1.423328,-0.227766
-0.044039,1.423247,-0.227984
-0.043778,1.423254,-0.229627
-0.043150,1.423349,-0.230814
-0.042379,1.423353,-0.230241
-0.041852,1.423328,-0.228508
-0.041412,1.423368,-0.227322
-0.041061,1.423519,-0.228377
-0.040409,1.423595,-0.229332
-0.039907,1.423617,-0.229657
-0.039940,1.423566,-0.229315
-0.040296,1.423478,-0.229008
-0.040575,1.423409,-0.229298
-0.040738,1.423407,-0.230573
-0.040923,1.423363,-0.231522
-0.041270,1.423243,-0.231498
-0.041773,1.423101,-0.230550
-0.042307,1.422972,-0.228957
-0.043176,1.422837,-0.227761
-0.043815,1.422781,-0.227817
-0.044338,1.422741,-0.228244
-0.044910,1.422686,-0.228318
-0.045687,1.422596,-0.228257
-0.046215,1.422503,-0.228119
-0.046517,1.422314,-0.227557
-0.046684,1.422171,-0.227435
-0.046933,1.422102,-0.228070
-0.047170,1.422058,-0.229042
-0.047485,1.421999,-0.229486
-0.047746,1.421912,-0.229233
-0.047789,1.421786,-0.228705
-0.047541,1.421616,-0.227850
-0.047209,1.421440,-0.227067
-0.047183,1.421312,-0.226554
-0.047411,1.421210,-0.226956
-0.047569,1.421143,-0.227920
-0.047451,1.421107,-0.228492
-0.047343,1.421019,-0.227988
-0.047003,1.420799,-0.226427
-0.046688,1.420624,-0.224785
-0.046518,1.420563,-0.224528
-0.046513,1.420563,-0.225175
-0.046794,1.420569,-0.225503
-0.047140,1.420524,-0.225018
-0.047380,1.420441,-0.223439
-0.047544,1.420364,-0.221636
-0.047783,1.420416,-0.221389
-0.048049,1.420480,-0.221940
-0.048177,1.420509,-0.222255
-0.048616,1.420497,-0.222128
-0.049222,1.420456,-0.221975
-0.049399,1.420439,-0.222008
-0.049070,1.420395,-0.221733
-0.048877,1.420354,-0.220953
-0.049088,1.420295,-0.219913
-0.049269,1.420273,-0.219567
-0.049439,1.420320,-0.220048
-0.049314,1.420357,-0.221315
-0.049441,1.420398,-0.222658
-0.049523,1.420348,-0.222384
-0.049756,1.420238,-0.221059
-0.050175,1.420182,-0.220258
-0.050133,1.420149,-0.220077
-0.049960,1.420168,-0.220797
-0.050305,1.420153,-0.221691
-0.050697,1.420139,-0.222250
-0.051345,1.420106,-0.222694
-0.052170,1.420002,-0.222703
-0.052542,1.419836,-0.222013
-0.052937,1.419692,-0.221551
-0.053575,1.419564,-0.221346
-0.054540,1.419465,-0.221532
-0.055697,1.419380,-0.221413
-0.056866,1.419265,-0.220415
-0.058335,1.419147,-0.219175
-0.059152,1.419114,-0.218772
-0.059740,1.419168,-0.218945
-0.060169,1.419208,-0.219045
-0.060388,1.419232,-0.218373
-0.060700,1.419260,-0.217266
-0.061005,1.419340,-0.216934
-0.061026,1.419449,-0.216870
-0.060785,1.419617,-0.216985
-0.060409,1.419820,-0.217021
-0.060423,1.420061,-0.217433
-0.060495,1.420221,-0.217359
-0.060778,1.420361,-0.217406
-0.060731,1.420478,-0.217745
-0.060590,1.420657,-0.218722
-0.060473,1.420808,-0.219535
-0.059872,1.420922,-0.219643
-0.059605,1.420981,-0.219084
-0.059712,1.421152,-0.219130
-0.059852,1.421363,-0.219601
-0.060067,1.421546,-0.219824
-0.060096,1.421730,-0.219503
-0.059834,1.421890,-0.219111
-0.059907,1.421999,-0.218716
-0.060240,1.422089,-0.218033
-0.060111,1.422241,-0.217714
-0.059628,1.422428,-0.216992
-0.059444,1.422601,-0.215872
-0.059801,1.422887,-0.215263
-0.060617,1.423271,-0.215604
-0.061169,1.423605,-0.216224
-0.061504,1.423878,-0.216876
-0.062327,1.424196,-0.218373
-0.063174,1.424385,-0.219766
-0.063712,1.424547,-0.221461
-0.063898,1.424630,-0.222550
-0.063402,1.424541,-0.221796
-0.062159,1.424397,-0.220035
-0.060842,1.424345,-0.219074
-0.059645,1.424406,-0.219285
-0.058849,1.424424,-0.219449
-0.058207,1.424451,-0.219229
-0.057341,1.424464,-0.218431
-0.056933,1.424574,-0.218082
-0.056570,1.424729,-0.218513
-0.056019,1.424953,-0.219570
-0.055594,1.425143,-0.220630
-0.055415,1.425304,-0.220915
-0.055459,1.425395,-0.220346
-0.055344,1.425472,-0.219518
-0.055313,1.425565,-0.219392
-0.055137,1.425645,-0.219350
-0.055028,1.425761,-0.219524
-0.055584,1.425883,-0.219912
-0.056085,1.425979,-0.219631
-0.056247,1.426067,-0.218712
-0.056159,1.426150,-0.217625
-0.056120,1.426229,-0.217078
-0.055718,1.426327,-0.217087
-0.055122,1.426389,-0.216864
-0.054861,1.426448,-0.216447
-0.055128,1.426564,-0.216104
-0.055442,1.426704,-0.216399
-0.055687,1.426855,-0.217239
-0.055228,1.426983,-0.217608
-0.054378,1.427098,-0.217462
-0.053459,1.427165,-0.217103
-0.052874,1.427289,-0.217245
-0.052719,1.427469,-0.217787
-0.052394,1.427641,-0.217965
-0.051726,1.427883,-0.217405
-0.051568,1.428132,-0.217486
-0.052121,1.428456,-0.219213
-0.053105,1.428740,-0.222100
-0.053834,1.428871,-0.225041
-0.053981,1.428843,-0.226643
-0.053619,1.428651,-0.226427
-0.053298,1.428358,-0.224773
-0.053256,1.428116,-0.223159
-0.053515,1.427930,-0.221792
-0.053976,1.427831,-0.221181
-0.054629,1.427775,-0.221013
-0.055369,1.427685,-0.220848
-0.056003,1.427585,-0.220421
-0.056646,1.427465,-0.219811
-0.057196,1.427400,-0.219412
-0.057985,1.427348,-0.218815
-0.058796,1.427316,-0.218094
-0.059338,1.427338,-0.217754
-0.059801,1.427449,-0.217893
-0.059875,1.427566,-0.218135
-0.059930,1.427729,-0.218562
-0.060017,1.427889,-0.219259
-0.059986,1.428050,-0.220127
-0.059449,1.428145,-0.220624
-0.058835,1.428259,-0.221167
-0.058085,1.428349,-0.221241
-0.057581,1.428438,-0.220858
-0.057584,1.428536,-0.220363
-0.057939,1.428647,-0.220517
-0.057937,1.428793,-0.221509
-0.058094,1.428941,-0.223506
-0.057988,1.429029,-0.225203
-0.057903,1.429082,-0.226188
-0.058079,1.428980,-0.225627
-0.058328,1.428825,-0.224405
-0.057924,1.428590,-0.222519
-0.057163,1.428417,-0.221383
-0.056528,1.428408,-0.221220
-0.056488,1.428468,-0.221821
-0.057004,1.428453,-0.221528
-0.057130,1.428395,-0.220138
-0.056910,1.428438,-0.218971
-0.056950,1.428595,-0.219165
-0.057267,1.428847,-0.220866
-0.057355,1.429024,-0.222959
-0.057148,1.429037,-0.224053
-0.056375,1.428916,-0.223724
-0.055627,1.428757,-0.222320
-0.055133,1.428599,-0.220622
-0.054673,1.428555,-0.219802
-0.054438,1.428619,-0.220131
-0.053944,1.428681,-0.220638
-0.053468,1.428759,-0.221209
-0.053293,1.428740,-0.220683
-0.053351,1.428649,-0.219184
-0.053214,1.428614,-0.218545
-0.052852,1.428638,-0.218701
-0.052200,1.428723,-0.219426
-0.051878,1.428828,-0.220563
-0.051538,1.428892,-0.221141
-0.051062,1.428836,-0.220510
-0.050587,1.428762,-0.219307
-0.050207,1.428737,-0.218848
-0.049825,1.428810,-0.219311
-0.049463,1.428884,-0.220426
-0.049294,1.428943,-0.221852
-0.049423,1.428957,-0.222725
-0.049879,1.428899,-0.222869
-0.050452,1.428801,-0.222322
-0.050440,1.428708,-0.221723
-0.050064,1.428684,-0.221660
-0.050104,1.428666,-0.222248
-0.050186,1.428567,-0.222519
-0.049896,1.428382,-0.222071
-0.049551,1.428182,-0.221382
-0.049059,1.427993,-0.220449
-0.048202,1.427848,-0.219619
-0.047632,1.427763,-0.218810
-0.047461,1.427697,-0.217897
-0.047286,1.427622,-0.216802
-0.047014,1.427565,-0.215643
-0.046999,1.427555,-0.214813
-0.047210,1.427607,-0.214941
-0.047769,1.427672,-0.215937
-0.048506,1.427709,-0.217699
-0.048674,1.427718,-0.219648
-0.048385,1.427653,-0.220639
-0.047904,1.427456,-0.220098
-0.047719,1.427255,-0.218607
-0.047481,1.427018,-0.216556
-0.047061,1.426851,-0.214815
-0.046688,1.426760,-0.213413
-0.046181,1.426764,-0.212793
-0.046039,1.426849,-0.213251
-0.046277,1.427017,-0.214945
-0.046635,1.427179,-0.216600
-0.047248,1.427251,-0.217156
-0.047778,1.427238,-0.216176
-0.048105,1.427192,-0.214496
-0.048665,1.427135,-0.213355
-0.049452,1.427018,-0.212317
-0.049624,1.426892,-0.211724
-0.049261,1.426765,-0.211530
-0.048461,1.426648,-0.211377
-0.047360,1.426653,-0.210694
-0.046230,1.426686,-0.209218
-0.045462,1.426897,-0.208230
-0.044905,1.427189,-0.208097
-0.044400,1.427504,-0.208927
-0.043846,1.427846,-0.211057
-0.043602,1.428041,-0.213516
-0.043582,1.428089,-0.215798
-0.043636,1.428005,-0.217841
-0.043713,1.427818,-0.219200
-0.043796,1.427565,-0.219683
-0.043815,1.427277,-0.219673
-0.043980,1.427013,-0.219430
-0.044382,1.426737,-0.219283
-0.045006,1.426484,-0.219546
-0.045959,1.426147,-0.219190
-0.047463,1.425834,-0.218402
-0.049247,1.425532,-0.217564
-0.051846,1.425322,-0.217765
-0.054115,1.425231,-0.217959
-0.055570,1.425164,-0.216305
-0.056478,1.424995,-0.212512
-0.057327,1.424894,-0.208892
-0.058515,1.424992,-0.207344
-0.058977,1.425174,-0.208055
-0.058525,1.425348,-0.209364
-0.057975,1.425454,-0.210291
-0.058144,1.425601,-0.211299
-0.059025,1.425789,-0.212664
-0.059745,1.425990,-0.214126
-0.059549,1.426074,-0.214393
-0.059396,1.426058,-0.214427
-0.060082,1.425949,-0.215282
-0.061268,1.425737,-0.216677
-0.062029,1.425448,-0.218504
-0.062058,1.425087,-0.218918
-0.061945,1.424664,-0.218063
-0.062203,1.424229,-0.215805
-0.062386,1.423891,-0.213380
-0.062208,1.423691,-0.211600
-0.061740,1.423609,-0.210075
-0.061187,1.423636,-0.209126
-0.060910,1.423741,-0.208798
-0.060836,1.423801,-0.208082
-0.060480,1.423835,-0.206951
-0.059526,1.423904,-0.206200
-0.058494,1.424078,-0.206806
-0.057582,1.424330,-0.208375
-0.057242,1.424551,-0.210256
-0.057199,1.424667,-0.211321
-0.057160,1.424676,-0.211385
-0.057249,1.424571,-0.210988
-0.057140,1.424384,-0.210702
-0.056780,1.424191,-0.210726
-0.056012,1.424008,-0.210694
-0.055758,1.423839,-0.210606
-0.056550,1.423734,-0.210633
-0.057247,1.423630,-0.210478
-0.057791,1.423554,-0.210457
-0.057811,1.423464,-0.209944
-0.057759,1.423379,-0.209459
-0.058081,1.423344,-0.209483
-0.058743,1.423377,-0.210875
-0.059275,1.423437,-0.212463
-0.059683,1.423461,-0.213633
-0.059845,1.423438,-0.213863
-0.059682,1.423458,-0.213960
-0.060015,1.423476,-0.214265
-0.060444,1.423558,-0.215286
-0.060729,1.423682,-0.217128
-0.060912,1.423798,-0.219382
-0.061254,1.423862,-0.221251
-0.061466,1.423862,-0.222315
-0.061303,1.423746,-0.221689
-0.061329,1.423573,-0.219946
-0.061265,1.423435,-0.218550
-0.060648,1.423386,-0.217816
-0.060241,1.423405,-0.217920
-0.060109,1.423497,-0.218095
-0.060282,1.423654,-0.218258
-0.060235,1.423806,-0.217292
-0.059907,1.423978,-0.215195
-0.060122,1.424197,-0.213284
-0.061054,1.424467,-0.212554
-0.061157,1.424884,-0.212585
-0.060730,1.425255,-0.212814
-0.060552,1.425597,-0.212913
-0.060403,1.425882,-0.212019
-0.059912,1.426093,-0.210120
-0.059605,1.426366,-0.208652
-0.059472,1.426827,-0.208705
-0.059253,1.427216,-0.209076
-0.058893,1.427500,-0.208835
-0.058228,1.427720,-0.208042
-0.057324,1.427909,-0.206983
-0.056371,1.428154,-0.205924
-0.055361,1.428455,-0.205609
-0.054427,1.428800,-0.205916
-0.053737,1.429112,-0.206033
-0.052869,1.429381,-0.205718
-0.051797,1.429661,-0.205150
-0.051066,1.429889,-0.204514
-0.050416,1.430187,-0.204199
-0.050028,1.430552,-0.204793
-0.049842,1.430921,-0.205912
-0.049673,1.431299,-0.207469
-0.049488,1.431665,-0.209194
-0.049319,1.432030,-0.211106
-0.049419,1.432282,-0.212545
-0.049715,1.432387,-0.213664
-0.049776,1.432361,-0.214433
-0.049586,1.432276,-0.215249
-0.049044,1.432122,-0.215974
-0.048666,1.431979,-0.216368
-0.048631,1.431779,-0.216451
-0.048495,1.431583,-0.216705
-0.048223,1.431360,-0.216653
-0.047951,1.431089,-0.216117
-0.047863,1.430725,-0.215959
-0.048174,1.430397,-0.216146
-0.048807,1.429995,-0.215819
-0.049966,1.429500,-0.214436
-0.051141,1.429024,-0.212512
-0.052221,1.428664,-0.211297
-0.052869,1.428431,-0.211002
-0.053395,1.428284,-0.211455
-0.053806,1.428201,-0.212868
-0.054067,1.428004,-0.213463
-0.054289,1.427725,-0.212681
-0.054866,1.427375,-0.210875
-0.054982,1.427153,-0.209425
-0.054686,1.427066,-0.208866
-0.054900,1.427125,-0.209315
-0.055105,1.427257,-0.209942
-0.054983,1.427405,-0.210243
-0.054740,1.427573,-0.210381
-0.054888,1.427732,-0.210349
-0.055174,1.427868,-0.210748
-0.055795,1.428047,-0.212297
-0.056234,1.428181,-0.214540
-0.056232,1.428216,-0.216218
-0.055600,1.428091,-0.216352
-0.054879,1.427874,-0.214932
-0.054255,1.427711,-0.213188
-0.053550,1.427615,-0.211737
-0.052985,1.427604,-0.210978
-0.052939,1.427713,-0.211218
-0.052730,1.427884,-0.212379
-0.052460,1.428043,-0.213767
-0.052007,1.428114,-0.214305
-0.051686,1.428089,-0.214091
-0.051425,1.428040,-0.213301
-0.051524,1.428002,-0.212903
-0.051489,1.428004,-0.212986
-0.051087,1.428049,-0.213328
-0.050833,1.428091,-0.213609
-0.050930,1.428164,-0.214621
-0.051318,1.428249,-0.215973
-0.051111,1.428270,-0.216426
-0.050728,1.428224,-0.215760
-0.050126,1.428085,-0.213614
-0.049926,1.428003,-0.211700
-0.050112,1.427904,-0.210511
-0.050206,1.427967,-0.210667
-0.050867,1.428147,-0.211747
-0.051575,1.428291,-0.212506
-0.052463,1.428385,-0.212693
-0.053232,1.428442,-0.212534
-0.053207,1.428453,-0.211964
-0.053119,1.428428,-0.211365
-0.053637,1.428381,-0.211046
-0.054464,1.428412,-0.211405
-0.055502,1.428451,-0.212443
-0.056305,1.428527,-0.213632
-0.056868,1.428587,-0.213938
-0.057472,1.428592,-0.213321
-0.058431,1.428665,-0.213406
-0.059064,1.428770,-0.214001
-0.058906,1.428831,-0.214325
-0.058246,1.428875,-0.214003
-0.057750,1.428894,-0.213386
-0.057700,1.428985,-0.213378
-0.057841,1.429092,-0.213700
-0.057260,1.429225,-0.213962
-0.056539,1.429376,-0.213765
-0.055665,1.429526,-0.212862
-0.055024,1.429683,-0.211892
-0.054729,1.429893,-0.211742
-0.054536,1.430109,-0.211791
-0.054063,1.430348,-0.211912
-0.053664,1.430681,-0.212830
-0.053681,1.431002,-0.213622
-0.053930,1.431265,-0.214191
-0.053920,1.431441,-0.214046
-0.053690,1.431631,-0.214111
-0.053339,1.431863,-0.214353
-0.053204,1.431990,-0.214084
-0.053016,1.432071,-0.213215
-0.052692,1.432201,-0.212306
-0.052386,1.432442,-0.212066
-0.051758,1.432782,-0.211897
-0.050898,1.433113,-0.212013
-0.050475,1.433540,-0.212413
-0.050629,1.433944,-0.212855
-0.050784,1.434303,-0.213699
-0.050754,1.434620,-0.214997
-0.050001,1.434899,-0.216095
-0.049230,1.435080,-0.217217
-0.049038,1.435263,-0.218572
-0.048849,1.435368,-0.219475
-0.048570,1.435423,-0.219763
-0.047891,1.435406,-0.219352
-0.047244,1.435328,-0.218287
-0.046780,1.435173,-0.216769
-0.046363,1.435033,-0.215742
-0.046235,1.435024,-0.216092
-0.046183,1.435079,-0.217148
-0.045834,1.435098,-0.216858
-0.045407,1.435114,-0.215516
-0.045495,1.435194,-0.214194
-0.046004,1.435297,-0.213490
-0.046423,1.435405,-0.213453
-0.046876,1.435492,-0.213737
-0.047391,1.435613,-0.215222
-0.047634,1.435727,-0.217130
-0.047773,1.435791,-0.218699
-0.048396,1.435802,-0.219371
-0.049196,1.435723,-0.219106
-0.049415,1.435605,-0.218275
-0.049398,1.435420,-0.217303
-0.049052,1.435221,-0.216376
-0.048772,1.435046,-0.215492
-0.048967,1.434942,-0.215472
-0.049730,1.434912,-0.216181
-0.049872,1.434835,-0.215906
-0.049633,1.434786,-0.214900
-0.049424,1.434706,-0.213185
-0.049735,1.434698,-0.211688
-0.049610,1.434810,-0.211830
-0.049441,1.434950,-0.213375
-0.049502,1.435074,-0.214996
-0.049415,1.435135,-0.215964
-0.049337,1.435085,-0.216051
-0.049109,1.435082,-0.216227
-0.048644,1.435101,-0.216674
-0.048158,1.435072,-0.216539
-0.048045,1.434970,-0.215621
-0.048231,1.434855,-0.214755
-0.048373,1.434772,-0.214420
-0.048672,1.434697,-0.214526
-0.048910,1.434681,-0.215048
-0.048999,1.434675,-0.215055
-0.049015,1.434621,-0.214140
-0.049137,1.434557,-0.212890
-0.048578,1.434533,-0.211917
-0.047947,1.434571,-0.211723
-0.047427,1.434627,-0.211895
-0.047125,1.434645,-0.211962
-0.047174,1.434608,-0.211994
-0.047305,1.434527,-0.211427
-0.047690,1.434509,-0.211122
-0.048140,1.434530,-0.211120
-0.048319,1.434584,-0.211348
-0.048656,1.434630,-0.211606
-0.048936,1.434631,-0.211979
-0.048583,1.434623,-0.212235
-0.048236,1.434576,-0.211909
-0.048078,1.434538,-0.211411
-0.047897,1.434521,-0.210870
-0.047936,1.434557,-0.210823
-0.048087,1.434623,-0.210930
-0.048287,1.434710,-0.211008
-0.048133,1.434708,-0.210352
-0.047892,1.434769,-0.209947
-0.047671,1.434893,-0.210364
-0.047590,1.435045,-0.211367
-0.047855,1.435211,-0.212288
-0.048200,1.435294,-0.212499
-0.048339,1.435334,-0.212470
-0.048272,1.435388,-0.212536
-0.047976,1.435433,-0.212737
-0.048022,1.435445,-0.213442
-0.048730,1.435481,-0.214476
-0.049158,1.435493,-0.215259
-0.049231,1.435402,-0.214809
-0.049291,1.435267,-0.213231
-0.049322,1.435172,-0.211553
-0.049171,1.435177,-0.211121
-0.049570,1.435284,-0.212175
-0.049982,1.435383,-0.213202
-0.050175,1.435410,-0.213073
-0.050302,1.435378,-0.212057
-0.050121,1.435395,-0.210781
-0.049951,1.435510,-0.210578
-0.049742,1.435648,-0.210618
-0.049432,1.435803,-0.210741
-0.049151,1.435900,-0.210419
-0.049233,1.435979,-0.210038
-0.049912,1.436199,-0.211200
-0.050444,1.436424,-0.212672
-0.050385,1.436560,-0.212862
-0.050452,1.436656,-0.212145
-0.050894,1.436749,-0.211559
-0.050993,1.436792,-0.211330
-0.050778,1.436794,-0.210891
-0.050579,1.436879,-0.210790
-0.050278,1.436951,-0.210664
-0.049922,1.437046,-0.210008
-0.049871,1.437232,-0.209668
-0.049898,1.437457,-0.210355
-0.049739,1.437675,-0.211117
-0.049640,1.437855,-0.211590
-0.049338,1.437944,-0.211559
-0.048858,1.437966,-0.211191
-0.048590,1.438071,-0.211657
-0.048503,1.438237,-0.212843
-0.048465,1.438308,-0.213217
-0.048829,1.438370,-0.213388
-0.048953,1.438406,-0.213333
-0.048635,1.438403,-0.212715
-0.048131,1.438431,-0.212083
-0.048161,1.438562,-0.212373
-0.048819,1.438749,-0.213436
-0.049839,1.438867,-0.214283
-0.050704,1.439008,-0.215534
-0.051091,1.439082,-0.216434
-0.051249,1.438998,-0.215989
-0.051287,1.438899,-0.215458
-0.050956,1.438780,-0.215390
-0.050515,1.438622,-0.215803
-0.050047,1.438433,-0.215870
-0.049542,1.438247,-0.215661
-0.049587,1.438099,-0.215484
-0.049662,1.437981,-0.215178
-0.049730,1.437892,-0.214847
-0.049781,1.437787,-0.214228
-0.049859,1.437643,-0.213263
-0.050238,1.437513,-0.213236
-0.050741,1.437464,-0.214308
-0.051429,1.437426,-0.215719
-0.052071,1.437361,-0.216614
-0.052560,1.437235,-0.216460
-0.052987,1.437068,-0.215210
-0.053199,1.436935,-0.213737
-0.053376,1.436881,-0.212679
-0.053878,1.436932,-0.212372
-0.054021,1.437031,-0.212617
-0.054182,1.437124,-0.212829
-0.054498,1.437206,-0.212977
-0.055046,1.437364,-0.213865
-0.055623,1.437526,-0.215329
-0.056319,1.437647,-0.216896
-0.056409,1.437613,-0.217334
-0.056034,1.437491,-0.216600
-0.055413,1.437356,-0.215761
-0.054916,1.437294,-0.215898
-0.054578,1.437256,-0.216258
-0.054638,1.437243,-0.216552
-0.054650,1.437287,-0.217185
-0.054153,1.437347,-0.217620
-0.053699,1.437350,-0.217332
-0.053572,1.437328,-0.216629
-0.053589,1.437330,-0.216652
-0.053774,1.437343,-0.217637
-0.054472,1.437385,-0.219083
-0.055383,1.437422,-0.219892
-0.055911,1.437372,-0.219213
-0.056092,1.437321,-0.217890
-0.055987,1.437324,-0.217094
-0.055667,1.437372,-0.217206
-0.055721,1.437414,-0.217749
-0.056164,1.437431,-0.218381
-0.056483,1.437413,-0.218552
-0.056770,1.437340,-0.218367
-0.056942,1.437312,-0.218266
-0.056641,1.437283,-0.218034
-0.056115,1.437210,-0.217637
-0.055641,1.437130,-0.216867
-0.055120,1.437080,-0.215934
-0.054907,1.437075,-0.215509
-0.055307,1.437143,-0.216079
-0.055548,1.437252,-0.217505
-0.055614,1.437314,-0.218532
-0.056076,1.437306,-0.218947
-0.056283,1.437220,-0.218801
-0.056511,1.437100,-0.218755
