-0.181028,0.675790,-0.216113,0.681052
-0.181138,0.677881,-0.214726,0.679382
-0.181229,0.680276,-0.212793,0.677570
-0.181188,0.682270,-0.210702,0.676227
-0.180872,0.684499,-0.207701,0.674987
-0.180270,0.686409,-0.204692,0.674127
-0.179051,0.688620,-0.200856,0.673350
-0.177566,0.690505,-0.197381,0.672841
-0.175743,0.692336,-0.193877,0.672456
-0.173312,0.694309,-0.189924,0.672181
-0.171103,0.695822,-0.186707,0.672084
-0.168527,0.697311,-0.183200,0.672156
-0.166415,0.698257,-0.180462,0.672441
-0.164252,0.698892,-0.177695,0.673049
-0.162604,0.699070,-0.175584,0.673819
-0.160720,0.698953,-0.173231,0.675000
-0.158879,0.698644,-0.171104,0.676297
-0.156315,0.698107,-0.168412,0.678122
-0.153866,0.697531,-0.165886,0.679896
-0.151500,0.696818,-0.163344,0.681771
-0.149432,0.695680,-0.160830,0.683984
-0.148523,0.694384,-0.159240,0.685868
-0.148507,0.692553,-0.157990,0.688008
-0.148968,0.690773,-0.157112,0.689897
-0.149463,0.688604,-0.155833,0.692244
-0.149680,0.686741,-0.154275,0.694394
-0.149885,0.684699,-0.151958,0.696872
-0.150365,0.683027,-0.149733,0.698889
-0.151779,0.681032,-0.147312,0.701041
-0.153714,0.679292,-0.145589,0.702666
-0.156455,0.677322,-0.143872,0.704313
-0.158878,0.675767,-0.142245,0.705595
-0.161498,0.674318,-0.139957,0.706842
-0.163687,0.673314,-0.137730,0.707732
-0.166077,0.672453,-0.135459,0.708432
-0.169273,0.671526,-0.133090,0.709004
-0.172387,0.670654,-0.131384,0.709398
-0.176070,0.669658,-0.129604,0.709761
-0.178892,0.668950,-0.127813,0.710048
-0.181423,0.668390,-0.125119,0.710413
-0.182737,0.668208,-0.122341,0.710731
-0.182996,0.668448,-0.118663,0.711062
-0.182223,0.669045,-0.115223,0.711265
-0.180616,0.670148,-0.111214,0.711274
-0.179255,0.671302,-0.108178,0.710998
-0.178205,0.672693,-0.105745,0.710314
-0.177854,0.673810,-0.104848,0.709475
-0.177860,0.675003,-0.105182,0.708289
-0.177890,0.676003,-0.106286,0.707162
-0.177540,0.677072,-0.107456,0.706050
-0.176440,0.678413,-0.108499,0.704878
-0.174908,0.679646,-0.108948,0.704002
-0.172904,0.681071,-0.109082,0.703099
-0.171486,0.682125,-0.109350,0.702382
-0.170672,0.683032,-0.110239,0.701560
-0.170418,0.683673,-0.111292,0.700831
-0.169850,0.684408,-0.112131,0.700116
-0.168706,0.685189,-0.112049,0.699643
-0.166788,0.686251,-0.110984,0.699231
-0.165201,0.687103,-0.109754,0.698966
-0.163826,0.687852,-0.108585,0.698735
-0.162932,0.688258,-0.108084,0.698622
-0.161843,0.688582,-0.107909,0.698583
-0.160991,0.688767,-0.108042,0.698576
-0.159876,0.688917,-0.108628,0.698594
-0.158652,0.689019,-0.109350,0.698659
-0.156955,0.689132,-0.110134,0.698808
-0.155461,0.689169,-0.110845,0.698993
-0.154125,0.689134,-0.111760,0.699178
-0.152781,0.689012,-0.113112,0.699375
-0.151816,0.688857,-0.114426,0.699525
-0.150968,0.688685,-0.116141,0.699595
-0.150480,0.688571,-0.117798,0.699536
-0.150071,0.688467,-0.119750,0.699394
-0.149669,0.688435,-0.121336,0.699238
-0.148937,0.688543,-0.122797,0.699033
-0.148153,0.688709,-0.123688,0.698879
-0.147226,0.688963,-0.124432,0.698693
-0.146457,0.689209,-0.124878,0.698532
-0.145653,0.689512,-0.125224,0.698339
-0.145195,0.689779,-0.125431,0.698133
-0.145078,0.690071,-0.125673,0.697826
-0.145218,0.690339,-0.125895,0.697492
-0.145492,0.690611,-0.126024,0.697142
-0.145923,0.690959,-0.126067,0.696699
-0.146385,0.691281,-0.126054,0.696284
-0.146837,0.691692,-0.125837,0.695821
-0.146992,0.692118,-0.125356,0.695451
-0.146916,0.692694,-0.124508,0.695046
-0.146923,0.693178,-0.123822,0.694685
-0.147135,0.693640,-0.123350,0.694263
-0.147355,0.694015,-0.123165,0.693873
-0.147585,0.694457,-0.122986,0.693414
-0.147923,0.694822,-0.122941,0.692984
-0.148401,0.695218,-0.123035,0.692468
-0.148637,0.695602,-0.123075,0.692024
-0.148859,0.696105,-0.123009,0.691482
-0.149357,0.696483,-0.123098,0.690979
-0.150410,0.696769,-0.123573,0.690376
-0.151421,0.696942,-0.124132,0.689880
-0.152371,0.697094,-0.124539,0.689444
-0.153236,0.697335,-0.124602,0.688997
-0.153660,0.697589,-0.124361,0.688689
-0.153727,0.697926,-0.123766,0.688440
-0.153562,0.698231,-0.123064,0.688293
-0.153303,0.698586,-0.122150,0.688154
-0.153208,0.698869,-0.121416,0.688017
-0.153469,0.699105,-0.120804,0.687827
-0.154107,0.699206,-0.120568,0.687623
-0.154913,0.699275,-0.120413,0.687399
-0.155419,0.699352,-0.120144,0.687254
-0.155819,0.699454,-0.119590,0.687155
-0.156189,0.699511,-0.119125,0.687094
-0.156687,0.699482,-0.118849,0.687059
-0.157066,0.699418,-0.118808,0.687044
-0.157440,0.699337,-0.118811,0.687040
-0.157706,0.699249,-0.118779,0.687074
-0.157976,0.699154,-0.118708,0.687122
-0.158199,0.699066,-0.118613,0.687176
-0.158283,0.699009,-0.118603,0.687216
-0.158174,0.698980,-0.118650,0.687263
-0.157933,0.699015,-0.118655,0.687282
-0.157673,0.699076,-0.118693,0.687273
-0.157629,0.699102,-0.118887,0.687223
-0.157801,0.699100,-0.119311,0.687112
-0.157993,0.699097,-0.119716,0.687001
-0.158201,0.699131,-0.120013,0.686866
-0.158388,0.699167,-0.120123,0.686768
-0.158480,0.699241,-0.120213,0.686655
-0.158401,0.699349,-0.120254,0.686556
-0.158292,0.699499,-0.120344,0.686413
-0.158168,0.699651,-0.120440,0.686269
-0.158061,0.699840,-0.120554,0.686081
-0.158054,0.700020,-0.120656,0.685881
-0.158129,0.700223,-0.120809,0.685630
-0.158160,0.700413,-0.120979,0.685399
-0.158046,0.700689,-0.121131,0.685117
-0.157990,0.700964,-0.121250,0.684827
-0.158106,0.701271,-0.121460,0.684449
-0.158262,0.701522,-0.121652,0.684121
-0.158431,0.701818,-0.121700,0.683769
-0.158618,0.702025,-0.121603,0.683530
-0.158723,0.702258,-0.121407,0.683302
-0.158693,0.702454,-0.121130,0.683157
-0.158775,0.702639,-0.120805,0.683005
-0.159120,0.702696,-0.120712,0.682882
-0.159638,0.702692,-0.120890,0.682734
-0.160114,0.702670,-0.121172,0.682595
-0.160336,0.702721,-0.121258,0.682475
-0.160018,0.702906,-0.120886,0.682425
-0.159223,0.703237,-0.120142,0.682401
-0.158462,0.703559,-0.119575,0.682347
-0.157684,0.703952,-0.119156,0.682195
-0.157251,0.704288,-0.118919,0.681989
-0.157238,0.704556,-0.118835,0.681730
-0.157536,0.704815,-0.118985,0.681368
-0.157685,0.705078,-0.119166,0.681029
-0.157537,0.705474,-0.119147,0.680656
-0.157375,0.705822,-0.119016,0.680356
-0.157155,0.706219,-0.118937,0.680009
-0.156945,0.706557,-0.118981,0.679698
-0.156858,0.706891,-0.119090,0.679352
-0.156969,0.707109,-0.119313,0.679060
-0.157053,0.707333,-0.119670,0.678744
-0.156990,0.707512,-0.120100,0.678497
-0.156918,0.707673,-0.120718,0.678235
-0.156803,0.707798,-0.121229,0.678040
-0.156440,0.707931,-0.121637,0.677912
-0.155963,0.708068,-0.121766,0.677856
-0.155257,0.708255,-0.121934,0.677793
-0.154726,0.708409,-0.122223,0.677701
-0.154517,0.708513,-0.122838,0.677528
-0.154556,0.708573,-0.123478,0.677341
-0.154762,0.708611,-0.124173,0.677126
-0.154956,0.708629,-0.124479,0.677008
-0.154931,0.708699,-0.124531,0.676930
-0.154636,0.708822,-0.124315,0.676909
-0.154202,0.709004,-0.123896,0.676894
-0.153995,0.709133,-0.123610,0.676858
-0.154064,0.709207,-0.123467,0.676791
-0.154393,0.709201,-0.123502,0.676715
-0.154646,0.709232,-0.123415,0.676642
-0.154498,0.709352,-0.123037,0.676618
-0.154190,0.709516,-0.122380,0.676635
-0.154115,0.709619,-0.122010,0.676611
-0.154076,0.709726,-0.121852,0.676537
-0.154003,0.709829,-0.121859,0.676444
-0.153945,0.709949,-0.121861,0.676331
-0.154026,0.710025,-0.121851,0.676234
-0.153926,0.710163,-0.121859,0.676111
-0.153520,0.710351,-0.121759,0.676023
-0.152886,0.710629,-0.121436,0.675933
-0.152437,0.710836,-0.121201,0.675859
-0.152243,0.710972,-0.121116,0.675775
-0.152165,0.711047,-0.121197,0.675699
-0.151969,0.711151,-0.121409,0.675596
-0.151979,0.711188,-0.121705,0.675502
-0.152131,0.711185,-0.122314,0.675361
-0.152212,0.711181,-0.122948,0.675231
-0.152215,0.711203,-0.123504,0.675106
-0.152113,0.711231,-0.123760,0.675053
-0.151840,0.711269,-0.123819,0.675064
-0.151331,0.711344,-0.123723,0.675116
-0.150922,0.711386,-0.123574,0.675190
-0.150732,0.711352,-0.123547,0.675273
-0.150824,0.711249,-0.123739,0.675327
-0.151160,0.711072,-0.124067,0.675377
-0.151488,0.710896,-0.124192,0.675467
-0.151677,0.710722,-0.124115,0.675622
-0.151523,0.710625,-0.123767,0.675822
-0.151345,0.710511,-0.123219,0.676081
-0.151367,0.710365,-0.122778,0.676311
-0.151498,0.710158,-0.122341,0.676578
-0.151715,0.709954,-0.122034,0.676798
-0.152101,0.709715,-0.121778,0.677008
-0.152478,0.709506,-0.121667,0.677162
-0.152669,0.709339,-0.121560,0.677313
-0.152464,0.709273,-0.121182,0.677497
-0.151963,0.709320,-0.120575,0.677668
-0.151488,0.709386,-0.119770,0.677848
-0.151535,0.709355,-0.119360,0.677943
-0.151977,0.709239,-0.119323,0.677972
-0.152345,0.709150,-0.119395,0.677969
-0.152443,0.709133,-0.119295,0.677983
-0.152501,0.709139,-0.119106,0.677997
-0.153123,0.709034,-0.118925,0.677998
-0.154208,0.708814,-0.119066,0.677958
-0.155603,0.708481,-0.119456,0.677918
-0.156184,0.708318,-0.119489,0.677949
-0.155819,0.708350,-0.118864,0.678109
-0.155265,0.708405,-0.118127,0.678308
-0.155060,0.708359,-0.117780,0.678463
-0.155267,0.708221,-0.118043,0.678514
-0.155515,0.708079,-0.118460,0.678532
-0.155593,0.708020,-0.118676,0.678538
-0.155545,0.708000,-0.118792,0.678550
-0.155288,0.708049,-0.118971,0.678527
-0.154775,0.708185,-0.119184,0.678464
-0.154490,0.708307,-0.119344,0.678374
-0.154411,0.708394,-0.119707,0.678237
-0.154505,0.708444,-0.120235,0.678070
-0.154516,0.708541,-0.120844,0.677858
-0.154283,0.708683,-0.121146,0.677708
-0.153943,0.708888,-0.121127,0.677575
-0.153756,0.709022,-0.121136,0.677476
-0.153584,0.709154,-0.121373,0.677334
-0.153481,0.709251,-0.121680,0.677200
-0.153514,0.709330,-0.121957,0.677061
-0.153616,0.709365,-0.122210,0.676955
-0.153892,0.709351,-0.122553,0.676845
-0.154309,0.709292,-0.122868,0.676755
-0.154842,0.709185,-0.123124,0.676699
-0.155174,0.709071,-0.123226,0.676723
-0.155455,0.708955,-0.123202,0.676785
-0.155542,0.708873,-0.123155,0.676860
-0.155320,0.708824,-0.123082,0.676975
-0.154747,0.708849,-0.122784,0.677135
-0.154205,0.708893,-0.122340,0.677293
-0.153862,0.708896,-0.121876,0.677451
-0.153731,0.708876,-0.121660,0.677540
-0.153548,0.708873,-0.121623,0.677591
-0.153358,0.708888,-0.121607,0.677622
-0.153077,0.708932,-0.121506,0.677657
-0.152778,0.708981,-0.121358,0.677700
-0.152728,0.708997,-0.121077,0.677745
-0.152981,0.708944,-0.121010,0.677755
-0.153355,0.708850,-0.121219,0.677732
-0.153655,0.708754,-0.121487,0.677716
-0.153776,0.708667,-0.121713,0.677740
-0.153763,0.708603,-0.121825,0.677789
-0.153770,0.708519,-0.121887,0.677864
-0.153748,0.708429,-0.122025,0.677938
-0.153641,0.708356,-0.122217,0.678004
-0.153702,0.708258,-0.122472,0.678047
-0.153939,0.708099,-0.122914,0.678079
-0.154402,0.707893,-0.123545,0.678074
-0.155207,0.707586,-0.124472,0.678042
-0.155776,0.707364,-0.125129,0.678021
-0.155701,0.707279,-0.125064,0.678139
-0.155096,0.707341,-0.124389,0.678338
-0.154541,0.707386,-0.123598,0.678561
-0.154241,0.707360,-0.123060,0.678755
-0.154423,0.707240,-0.122959,0.678856
-0.155108,0.707006,-0.122944,0.678947
-0.155663,0.706821,-0.122860,0.679028
-0.155809,0.706720,-0.122323,0.679197
-0.155635,0.706695,-0.121477,0.679415
-0.155429,0.706665,-0.120538,0.679660
-0.155609,0.706568,-0.120127,0.679792
-0.156191,0.706383,-0.120037,0.679867
-0.156646,0.706249,-0.119970,0.679913
-0.156761,0.706200,-0.119684,0.679988
-0.156631,0.706210,-0.119304,0.680074
-0.156813,0.706138,-0.119167,0.680131
-0.157420,0.705980,-0.119411,0.680111
-0.158308,0.705781,-0.120044,0.680002
-0.159085,0.705614,-0.120587,0.679897
-0.159770,0.705495,-0.120917,0.679801
-0.160028,0.705452,-0.120853,0.679797
-0.159691,0.705525,-0.120329,0.679893
-0.159219,0.705621,-0.119694,0.680016
-0.158988,0.705661,-0.119290,0.680100
-0.159179,0.705605,-0.119300,0.680111
-0.159307,0.705573,-0.119479,0.680083
-0.159346,0.705591,-0.119471,0.680057
-0.159389,0.705620,-0.119154,0.680072
-0.159333,0.705685,-0.118708,0.680096
-0.159124,0.705771,-0.118369,0.680115
-0.158938,0.705871,-0.118143,0.680094
-0.158950,0.705923,-0.118075,0.680048
-0.158960,0.705990,-0.118001,0.679990
-0.158793,0.706089,-0.117860,0.679950
-0.158465,0.706225,-0.117517,0.679945
-0.158448,0.706281,-0.117326,0.679924
-0.158835,0.706249,-0.117647,0.679811
-0.159391,0.706161,-0.118340,0.679652
-0.159961,0.706073,-0.119127,0.679472
-0.160047,0.706075,-0.119508,0.679383
-0.159281,0.706247,-0.119306,0.679420
-0.158391,0.706454,-0.118885,0.679487
-0.157959,0.706545,-0.118755,0.679514
-0.158024,0.706528,-0.119192,0.679441
-0.158026,0.706531,-0.119912,0.679311
-0.157720,0.706615,-0.120236,0.679237
-0.157271,0.706758,-0.120127,0.679212
-0.156918,0.706884,-0.119921,0.679199
-0.156425,0.707046,-0.119650,0.679192
-0.156123,0.707156,-0.119433,0.679185
-0.156155,0.707199,-0.119270,0.679162
-0.156469,0.707173,-0.119312,0.679108
-0.156654,0.707184,-0.119421,0.679036
-0.156800,0.707202,-0.119422,0.678983
-0.156861,0.707250,-0.119401,0.678923
-0.156813,0.707320,-0.119308,0.678876
-0.156738,0.707391,-0.119244,0.678832
-0.156675,0.707460,-0.119209,0.678780
-0.156831,0.707494,-0.119296,0.678694
-0.157135,0.707489,-0.119485,0.678595
-0.157206,0.707530,-0.119763,0.678487
-0.157064,0.707586,-0.119825,0.678451
-0.157022,0.707601,-0.120084,0.678399
-0.157333,0.707524,-0.120826,0.678276
-0.157715,0.707433,-0.121709,0.678124
-0.157782,0.707399,-0.122528,0.677997
-0.157624,0.707423,-0.122719,0.677973
-0.157469,0.707426,-0.122685,0.678012
-0.157452,0.707356,-0.122754,0.678077
-0.157517,0.707240,-0.123057,0.678127
-0.157634,0.707117,-0.123333,0.678178
-0.157637,0.706993,-0.123444,0.678287
-0.157581,0.706895,-0.123324,0.678424
-0.157441,0.706794,-0.122897,0.678639
-0.157425,0.706670,-0.122343,0.678872
-0.157584,0.706502,-0.121790,0.679109
-0.157733,0.706347,-0.121402,0.679305
-0.157737,0.706188,-0.121073,0.679529
-0.157608,0.706083,-0.120765,0.679722
-0.157587,0.705938,-0.120496,0.679925
-0.157832,0.705768,-0.120226,0.680093
-0.158128,0.705567,-0.119906,0.680289
-0.158339,0.705405,-0.119456,0.680487
-0.158519,0.705243,-0.119043,0.680686
-0.158477,0.705141,-0.118750,0.680852
-0.158097,0.705106,-0.118436,0.681032
-0.157774,0.705076,-0.118117,0.681193
-0.157657,0.705004,-0.117778,0.681353
-0.157838,0.704891,-0.117615,0.681456
-0.158054,0.704766,-0.117411,0.681571
-0.158277,0.704655,-0.117262,0.681660
-0.158614,0.704526,-0.117197,0.681725
-0.158863,0.704431,-0.117236,0.681759
-0.159002,0.704369,-0.117166,0.681803
-0.159012,0.704363,-0.116888,0.681854
-0.158990,0.704365,-0.116637,0.681900
-0.159156,0.704329,-0.116435,0.681934
-0.159181,0.704331,-0.116434,0.681926
-0.158662,0.704475,-0.116408,0.681902
-0.157954,0.704692,-0.116122,0.681891
-0.157340,0.704926,-0.115692,0.681864
-0.157134,0.705070,-0.115392,0.681814
-0.157318,0.705143,-0.115189,0.681730
-0.157779,0.705157,-0.115274,0.681595
-0.158428,0.705136,-0.115588,0.681413
-0.158464,0.705224,-0.115699,0.681295
-0.158211,0.705385,-0.115560,0.681210
-0.158143,0.705494,-0.115318,0.681154
-0.158396,0.705530,-0.115200,0.681078
-0.158647,0.705537,-0.115217,0.681009
-0.158958,0.705542,-0.115195,0.680935
-0.159296,0.705516,-0.115257,0.680873
-0.159806,0.705471,-0.115373,0.680780
-0.160185,0.705451,-0.115505,0.680689
-0.160102,0.705527,-0.115439,0.680642
-0.159649,0.705661,-0.115174,0.680654
-0.159191,0.705784,-0.114844,0.680689
-0.158775,0.705897,-0.114639,0.680704
-0.158313,0.706028,-0.114600,0.680682
-0.157965,0.706140,-0.114730,0.680626
-0.157962,0.706190,-0.115041,0.680521
-0.158329,0.706160,-0.115496,0.680390
-0.158768,0.706127,-0.116150,0.680210
-0.158608,0.706191,-0.116378,0.680143
-0.158029,0.706336,-0.115929,0.680204
-0.157765,0.706400,-0.115435,0.680283
-0.157959,0.706355,-0.115247,0.680316
-0.158422,0.706253,-0.115536,0.680265
-0.159009,0.706133,-0.116044,0.680166
-0.159137,0.706116,-0.116165,0.680133
-0.159128,0.706120,-0.115826,0.680190
-0.159028,0.706123,-0.115413,0.680279
-0.158766,0.706158,-0.115097,0.680358
-0.158417,0.706202,-0.114934,0.680421
-0.158142,0.706253,-0.114825,0.680450
-0.157968,0.706281,-0.114759,0.680473
-0.157659,0.706325,-0.114714,0.680507
-0.157413,0.706368,-0.114662,0.680528
-0.157239,0.706405,-0.114555,0.680548
-0.157230,0.706403,-0.114567,0.680550
-0.157407,0.706356,-0.114864,0.680508
-0.157523,0.706328,-0.115166,0.680459
-0.157598,0.706299,-0.115445,0.680424
-0.157462,0.706302,-0.115482,0.680446
-0.157159,0.706336,-0.115281,0.680515
-0.157009,0.706316,-0.115131,0.680596
-0.157253,0.706218,-0.115238,0.680623
-0.157585,0.706095,-0.115649,0.680605
-0.157560,0.706047,-0.115905,0.680616
-0.157114,0.706097,-0.115880,0.680672
-0.156580,0.706170,-0.115644,0.680760
-0.156192,0.706205,-0.115307,0.680870
-0.156119,0.706189,-0.115154,0.680928
-0.156226,0.706126,-0.115198,0.680962
-0.156248,0.706078,-0.115195,0.681008
-0.156090,0.706064,-0.115149,0.681065
-0.155984,0.706049,-0.115149,0.681106
-0.156038,0.705992,-0.115021,0.681174
-0.156400,0.705864,-0.114945,0.681236
-0.156737,0.705739,-0.115010,0.681277
-0.156894,0.705655,-0.114974,0.681335
-0.157108,0.705551,-0.114846,0.681414
-0.157280,0.705450,-0.114710,0.681502
-0.157304,0.705360,-0.114536,0.681619
-0.157448,0.705256,-0.114365,0.681722
-0.157721,0.705108,-0.114320,0.681820
-0.157760,0.705028,-0.114241,0.681907
-0.157724,0.704968,-0.113773,0.682055
-0.157608,0.704933,-0.113202,0.682213
-0.157455,0.704902,-0.112521,0.682393
-0.157468,0.704857,-0.111967,0.682528
-0.157586,0.704793,-0.111619,0.682624
-0.157939,0.704682,-0.111391,0.682694
-0.158207,0.704595,-0.111368,0.682725
-0.158072,0.704585,-0.111302,0.682777
-0.157622,0.704656,-0.111025,0.682854
-0.157376,0.704686,-0.110549,0.682957
-0.157297,0.704695,-0.110320,0.683002
-0.157060,0.704745,-0.110261,0.683014
-0.157007,0.704773,-0.110251,0.682999
-0.157076,0.704767,-0.110217,0.682995
-0.157059,0.704779,-0.110272,0.682978
-0.157132,0.704772,-0.110332,0.682959
-0.157412,0.704719,-0.110484,0.682924
-0.157740,0.704673,-0.110567,0.682883
-0.157875,0.704670,-0.110459,0.682873
-0.157868,0.704695,-0.110211,0.682889
-0.157853,0.704717,-0.110046,0.682896
-0.157935,0.704734,-0.109961,0.682873
-0.158143,0.704721,-0.109955,0.682839
-0.158321,0.704715,-0.109953,0.682805
-0.158232,0.704760,-0.109845,0.682796
-0.158080,0.704835,-0.109595,0.682794
-0.158177,0.704860,-0.109508,0.682760
-0.158194,0.704911,-0.109385,0.682722
-0.157924,0.705013,-0.109200,0.682710
-0.157558,0.705142,-0.108888,0.682711
-0.157365,0.705226,-0.108655,0.682705
-0.157246,0.705299,-0.108354,0.682706
-0.157174,0.705351,-0.108223,0.682689
-0.157339,0.705355,-0.108332,0.682630
-0.157669,0.705327,-0.108661,0.682530
-0.157870,0.705336,-0.109043,0.682413
-0.157845,0.705389,-0.109249,0.682331
-0.157525,0.705503,-0.109195,0.682297
-0.157222,0.705580,-0.109056,0.682309
-0.156965,0.705639,-0.108985,0.682318
-0.156845,0.705667,-0.109182,0.682286
-0.156803,0.705682,-0.109636,0.682207
-0.156936,0.705663,-0.110035,0.682132
-0.156965,0.705672,-0.110347,0.682065
-0.156751,0.705713,-0.110417,0.682060
-0.156505,0.705764,-0.110378,0.682070
-0.156553,0.705739,-0.110409,0.682080
-0.156759,0.705669,-0.110691,0.682060
-0.157023,0.705584,-0.111067,0.682026
-0.157103,0.705533,-0.111421,0.682002
-0.156872,0.705530,-0.111472,0.682051
-0.156614,0.705537,-0.111314,0.682129
-0.156651,0.705484,-0.111221,0.682190
-0.156646,0.705440,-0.111254,0.682232
-0.156423,0.705442,-0.111304,0.682272
-0.156074,0.705484,-0.111244,0.682318
-0.155650,0.705535,-0.111170,0.682375
-0.155466,0.705549,-0.111088,0.682416
-0.155337,0.705558,-0.111011,0.682448
-0.155257,0.705586,-0.110974,0.682443
-0.155221,0.705616,-0.110932,0.682427
-0.155124,0.705664,-0.110825,0.682417
-0.155125,0.705703,-0.110771,0.682385
-0.155386,0.705678,-0.110679,0.682367
-0.156127,0.705570,-0.110754,0.682298
-0.156870,0.705436,-0.110981,0.682228
-0.157639,0.705280,-0.111211,0.682175
-0.158246,0.705155,-0.111381,0.682136
-0.158457,0.705097,-0.111401,0.682143
-0.158437,0.705081,-0.111196,0.682198
-0.158737,0.704989,-0.110912,0.682269
-0.159105,0.704881,-0.110975,0.682285
-0.159158,0.704837,-0.111037,0.682309
-0.159023,0.704843,-0.110939,0.682350
-0.159007,0.704825,-0.110600,0.682427
-0.159121,0.704786,-0.110192,0.682507
-0.159304,0.704737,-0.109826,0.682574
-0.159372,0.704731,-0.109714,0.682582
-0.159429,0.704749,-0.109662,0.682558
-0.159350,0.704795,-0.109566,0.682545
-0.159239,0.704861,-0.109252,0.682553
-0.159091,0.704927,-0.108862,0.682582
-0.159225,0.704943,-0.108568,0.682580
-0.159412,0.704954,-0.108316,0.682566
-0.159449,0.704986,-0.108220,0.682539
-0.159680,0.704995,-0.108274,0.682467
-0.160079,0.704963,-0.108534,0.682365
-0.160422,0.704951,-0.108799,0.682255
-0.160555,0.704982,-0.108872,0.682180
-0.160528,0.705055,-0.108963,0.682097
-0.160299,0.705163,-0.109015,0.682030
-0.159755,0.705349,-0.108982,0.681971
-0.159374,0.705491,-0.108912,0.681924
-0.159198,0.705609,-0.108853,0.681853
-0.159346,0.705636,-0.108872,0.681787
-0.159704,0.705638,-0.109110,0.681663
-0.159853,0.705684,-0.109492,0.681520
-0.159625,0.705816,-0.109738,0.681396
-0.159451,0.705920,-0.109725,0.681332
-0.159609,0.705942,-0.109668,0.681282
-0.159923,0.705892,-0.109940,0.681216
-0.160078,0.705865,-0.110461,0.681123
-0.159949,0.705891,-0.110839,0.681064
-0.159780,0.705919,-0.111130,0.681028
-0.159866,0.705862,-0.111465,0.681012
-0.160220,0.705742,-0.112183,0.680935
-0.160517,0.705632,-0.112874,0.680865
-0.160498,0.705591,-0.113367,0.680830
-0.160323,0.705592,-0.113532,0.680843
-0.159782,0.705665,-0.113285,0.680936
-0.159335,0.705731,-0.112982,0.681022
-0.159010,0.705789,-0.112743,0.681078
-0.158671,0.705864,-0.112467,0.681125
-0.158320,0.705958,-0.111989,0.681188
-0.158402,0.705966,-0.111550,0.681232
-0.158594,0.705950,-0.111163,0.681268
-0.158810,0.705945,-0.110928,0.681260
-0.159029,0.705961,-0.110781,0.681218
-0.159035,0.706007,-0.110668,0.681186
-0.158818,0.706121,-0.110264,0.681184
-0.158545,0.706238,-0.109819,0.681199
-0.158461,0.706317,-0.109510,0.681186
-0.158891,0.706293,-0.109635,0.681090
-0.159451,0.706258,-0.110153,0.680913
-0.159800,0.706260,-0.110669,0.680745
-0.159893,0.706306,-0.110819,0.680651
-0.159606,0.706427,-0.110767,0.680601
-0.159358,0.706511,-0.110825,0.680563
-0.159366,0.706552,-0.111215,0.680454
-0.159394,0.706587,-0.111719,0.680329
-0.159386,0.706645,-0.112006,0.680223
-0.159463,0.706676,-0.112028,0.680169
-0.159514,0.706703,-0.112219,0.680098
-0.159737,0.706685,-0.112538,0.680012
-0.159953,0.706667,-0.112953,0.679911
-0.159826,0.706707,-0.113134,0.679869
-0.159423,0.706813,-0.113023,0.679871
-0.159304,0.706846,-0.112890,0.679887
-0.159285,0.706866,-0.112982,0.679856
-0.159179,0.706895,-0.113115,0.679828
-0.159182,0.706905,-0.113324,0.679783
-0.159181,0.706910,-0.113400,0.679764
-0.158932,0.706955,-0.113337,0.679787
-0.158853,0.706977,-0.113342,0.679782
-0.158952,0.706955,-0.113382,0.679774
-0.158983,0.706955,-0.113459,0.679754
-0.158805,0.707010,-0.113693,0.679700
-0.158540,0.707081,-0.113602,0.679704
-0.158356,0.707127,-0.113564,0.679705
-0.158565,0.707078,-0.113507,0.679716
-0.158902,0.707006,-0.113601,0.679697
-0.159008,0.706973,-0.113767,0.679679
-0.158898,0.706991,-0.113853,0.679672
-0.158688,0.707037,-0.113803,0.679681
-0.158476,0.707077,-0.113749,0.679698
-0.158309,0.707108,-0.113751,0.679704
-0.158258,0.707115,-0.113857,0.679691
-0.158331,0.707101,-0.113883,0.679684
-0.158493,0.707075,-0.113902,0.679670
-0.158540,0.707072,-0.113888,0.679665
-0.158761,0.707035,-0.113765,0.679673
-0.158904,0.707004,-0.113803,0.679665
-0.158845,0.707011,-0.113918,0.679652
-0.158663,0.707052,-0.113811,0.679669
-0.158364,0.707107,-0.113637,0.679711
-0.158153,0.707137,-0.113397,0.679769
-0.158060,0.707148,-0.113196,0.679813
-0.158165,0.707132,-0.113087,0.679823
-0.158333,0.707103,-0.113077,0.679816
-0.158559,0.707071,-0.113046,0.679802
-0.158777,0.707039,-0.113025,0.679788
-0.158954,0.707022,-0.112973,0.679773
-0.158988,0.707026,-0.113051,0.679748
-0.159080,0.707033,-0.113291,0.679679
-0.159243,0.707018,-0.113366,0.679643
-0.159274,0.707038,-0.113149,0.679652
-0.159059,0.707102,-0.112795,0.679694
-0.158591,0.707217,-0.112393,0.679751
-0.158300,0.707307,-0.112207,0.679755
-0.158292,0.707350,-0.112306,0.679697
-0.158304,0.707393,-0.112558,0.679607
-0.158335,0.707448,-0.112832,0.679497
-0.158205,0.707529,-0.112745,0.679457
-0.158255,0.707581,-0.112320,0.679463
-0.158505,0.707590,-0.112037,0.679441
-0.159040,0.707537,-0.112144,0.679353
-0.159650,0.707464,-0.112521,0.679224
-0.160281,0.707388,-0.112931,0.679087
-0.160506,0.707372,-0.113042,0.679032
-0.160512,0.707396,-0.112726,0.679058
-0.160691,0.707350,-0.112539,0.679094
-0.160928,0.707290,-0.112646,0.679083
-0.161064,0.707265,-0.113116,0.678999
-0.161383,0.707222,-0.113931,0.678832
-0.161537,0.707222,-0.114571,0.678687
-0.161521,0.707278,-0.115061,0.678550
-0.161359,0.707354,-0.115275,0.678473
-0.160867,0.707516,-0.115280,0.678420
-0.160308,0.707703,-0.115192,0.678372
-0.160000,0.707844,-0.115056,0.678321
-0.160038,0.707934,-0.115154,0.678201
-0.160390,0.707951,-0.115273,0.678080
-0.160682,0.708019,-0.115362,0.677925
-0.160999,0.708047,-0.115179,0.677852
-0.161478,0.708043,-0.114839,0.677800
-0.161993,0.708001,-0.114586,0.677763
-0.162431,0.707979,-0.114491,0.677698
-0.162567,0.708001,-0.114336,0.677668
-0.162187,0.708123,-0.113788,0.677724
-0.161718,0.708245,-0.113154,0.677815
-0.161522,0.708289,-0.112457,0.677932
-0.161803,0.708229,-0.112450,0.677929
-0.162127,0.708175,-0.112916,0.677830
-0.162083,0.708209,-0.113367,0.677730
-0.161967,0.708266,-0.113622,0.677655
-0.161958,0.708307,-0.113690,0.677603
-0.161677,0.708371,-0.113700,0.677601
-0.161313,0.708453,-0.113699,0.677603
-0.160857,0.708582,-0.113724,0.677572
-0.160476,0.708698,-0.113815,0.677525
-0.160112,0.708818,-0.113971,0.677460
-0.160086,0.708869,-0.114224,0.677370
-0.160225,0.708905,-0.114756,0.677209
-0.160335,0.708936,-0.115077,0.677097
-0.160132,0.709042,-0.115172,0.677018
-0.159884,0.709161,-0.115148,0.676956
-0.159847,0.709239,-0.115218,0.676871
-0.159990,0.709278,-0.115433,0.676759
-0.159897,0.709385,-0.115609,0.676639
-0.159481,0.709557,-0.115384,0.676595
-0.159227,0.709725,-0.115001,0.676544
-0.159334,0.709818,-0.114818,0.676453
-0.159260,0.709985,-0.114766,0.676304
-0.158931,0.710201,-0.114591,0.676184
-0.158640,0.710445,-0.114211,0.676060
-0.158463,0.710656,-0.113998,0.675916
-0.158634,0.710828,-0.114129,0.675673
-0.159113,0.710897,-0.114551,0.675416
-0.159762,0.710925,-0.115348,0.675098
-0.160134,0.711037,-0.116120,0.674760
-0.159920,0.711255,-0.116339,0.674542
-0.159093,0.711619,-0.116226,0.674373
-0.158604,0.711883,-0.116172,0.674220
-0.158761,0.712016,-0.116779,0.673937
-0.159590,0.711975,-0.117789,0.673609
-0.160161,0.712015,-0.118937,0.673229
-0.159811,0.712229,-0.119247,0.673031
-0.158726,0.712613,-0.118790,0.672962
-0.158165,0.712849,-0.118311,0.672929
-0.158040,0.712996,-0.118232,0.672816
-0.158310,0.713053,-0.118751,0.672601
-0.158394,0.713181,-0.119559,0.672302
-0.157911,0.713423,-0.119775,0.672121
-0.157041,0.713773,-0.119565,0.671990
-0.156481,0.714030,-0.119385,0.671880
-0.156444,0.714186,-0.119645,0.671676
-0.156535,0.714273,-0.120163,0.671470
-0.156295,0.714461,-0.120607,0.671246
-0.156101,0.714646,-0.120916,0.671039
-0.155789,0.714888,-0.121134,0.670814
-0.155517,0.715099,-0.121252,0.670631
-0.154849,0.715425,-0.121105,0.670465
-0.154626,0.715643,-0.121002,0.670302
-0.154673,0.715849,-0.121143,0.670046
-0.154470,0.716084,-0.121280,0.669816
-0.153942,0.716424,-0.121063,0.669614
-0.153758,0.716671,-0.120804,0.669438
-0.154075,0.716839,-0.120825,0.669182
-0.154688,0.716908,-0.121177,0.668903
-0.155489,0.716955,-0.121836,0.668546
-0.155907,0.717042,-0.122193,0.668291
-0.156398,0.717127,-0.122331,0.668061
-0.157004,0.717142,-0.122594,0.667853
-0.157345,0.717211,-0.122923,0.667639
-0.157710,0.717233,-0.123172,0.667483
-0.158367,0.717156,-0.123597,0.667331
-0.159506,0.716947,-0.124423,0.667131
-0.160296,0.716775,-0.125395,0.666945
-0.160648,0.716680,-0.126492,0.666755
-0.160362,0.716739,-0.126801,0.666702
-0.159595,0.716917,-0.126549,0.666742
-0.158842,0.717101,-0.126151,0.666800
-0.158473,0.717213,-0.125960,0.666803
-0.158445,0.717233,-0.125951,0.666790
-0.158366,0.717279,-0.125966,0.666757
-0.158348,0.717316,-0.125820,0.666749
-0.158679,0.717264,-0.125903,0.666710
-0.158801,0.717257,-0.125834,0.666701
-0.158988,0.717236,-0.125694,0.666706
-0.159325,0.717151,-0.125523,0.666749
-0.158911,0.717228,-0.124947,0.666874
-0.158537,0.717284,-0.124434,0.666998
-0.158264,0.717334,-0.124484,0.667000
-0.158161,0.717365,-0.124784,0.666934
-0.158334,0.717341,-0.124853,0.666907
-0.158303,0.717381,-0.124587,0.666921
-0.157785,0.717551,-0.123613,0.667042
-0.157567,0.717632,-0.123177,0.667086
-0.157522,0.717635,-0.123116,0.667105
-0.157251,0.717665,-0.122947,0.667168
-0.157069,0.717740,-0.122949,0.667130
-0.156579,0.717882,-0.122840,0.667113
-0.155271,0.718184,-0.122216,0.667207
-0.153991,0.718480,-0.121438,0.667328
-0.152704,0.718773,-0.120490,0.667480
-0.151590,0.719026,-0.119674,0.667608
-0.150352,0.719298,-0.118734,0.667763
-0.149847,0.719396,-0.118294,0.667849
-0.149820,0.719397,-0.118753,0.667773
-0.150192,0.719359,-0.119820,0.667539
-0.151359,0.719159,-0.120818,0.667311
-0.152188,0.719062,-0.121586,0.667087
-0.151371,0.719285,-0.122003,0.666957
-0.148931,0.719901,-0.121243,0.666980
-0.147163,0.720376,-0.119750,0.667129
-0.145717,0.720777,-0.118531,0.667231
-0.144214,0.721166,-0.118056,0.667222
-0.142454,0.721632,-0.117664,0.667166
-0.140920,0.722069,-0.116697,0.667188
-0.138416,0.722707,-0.114535,0.667396
-0.136505,0.723188,-0.112508,0.667613
-0.135851,0.723397,-0.111361,0.667712
-0.135813,0.723458,-0.111277,0.667669
-0.136014,0.723484,-0.111158,0.667619
-0.135175,0.723716,-0.110265,0.667686
-0.133483,0.724115,-0.107974,0.667968
-0.133123,0.724205,-0.106407,0.668193
-0.132538,0.724320,-0.105083,0.668395
-0.131264,0.724563,-0.103382,0.668648
-0.129820,0.724848,-0.100984,0.668988
-0.129822,0.724844,-0.099627,0.669195
-0.130187,0.724751,-0.098810,0.669345
-0.130227,0.724710,-0.098125,0.669484
-0.129431,0.724826,-0.097003,0.669675
-0.128512,0.724973,-0.096002,0.669838
-0.127620,0.725141,-0.094613,0.670024
-0.127004,0.725269,-0.093428,0.670169
-0.126267,0.725411,-0.092941,0.670222
-0.125600,0.725578,-0.092869,0.670177
-0.125563,0.725633,-0.092998,0.670107
-0.126074,0.725602,-0.093332,0.669997
-0.126345,0.725604,-0.093457,0.669927
-0.126530,0.725629,-0.093111,0.669913
-0.126986,0.725593,-0.092563,0.669942
-0.127505,0.725528,-0.092480,0.669924
-0.127977,0.725460,-0.092993,0.669837
-0.128830,0.725370,-0.093465,0.669705
-0.129014,0.725397,-0.093295,0.669665
-0.128709,0.725492,-0.092279,0.669762
-0.129164,0.725435,-0.091735,0.669810
-0.130321,0.725256,-0.091830,0.669767
-0.131421,0.725091,-0.092439,0.669647
-0.132143,0.724993,-0.092882,0.669550
-0.132595,0.724954,-0.092641,0.669536
-0.133073,0.724906,-0.092115,0.669566
-0.133722,0.724818,-0.091981,0.669550
-0.135101,0.724570,-0.092775,0.669432
-0.136242,0.724366,-0.093720,0.669289
-0.137722,0.724095,-0.095013,0.669098
-0.138324,0.723987,-0.095923,0.668961
-0.138152,0.724029,-0.096212,0.668909
-0.137521,0.724191,-0.096102,0.668880
-0.136604,0.724391,-0.095887,0.668881
-0.135628,0.724643,-0.095839,0.668814
-0.136044,0.724660,-0.096453,0.668624
-0.136942,0.724649,-0.097585,0.668288
-0.137130,0.724761,-0.098238,0.668031
-0.136693,0.725011,-0.098009,0.667884
-0.136294,0.725227,-0.097398,0.667820
-0.136721,0.725294,-0.097388,0.667662
-0.137589,0.725267,-0.097842,0.667446
-0.138379,0.725286,-0.098523,0.667162
-0.139275,0.725263,-0.098978,0.666933
-0.139830,0.725312,-0.099397,0.666701
-0.139008,0.725588,-0.099206,0.666601
-0.136726,0.726132,-0.097628,0.666713
-0.135383,0.726437,-0.095712,0.666934
-0.134934,0.726567,-0.094403,0.667070
-0.135480,0.726443,-0.094944,0.667017
-0.136833,0.726183,-0.096516,0.666798
-0.137236,0.726098,-0.097439,0.666673
-0.136124,0.726292,-0.096821,0.666781
-0.135016,0.726463,-0.095578,0.666999
-0.134329,0.726523,-0.094547,0.667219
-0.133660,0.726609,-0.094183,0.667311
-0.132554,0.726784,-0.093801,0.667396
-0.131985,0.726885,-0.093416,0.667452
-0.132230,0.726864,-0.093156,0.667462
-0.132032,0.726932,-0.093036,0.667445
-0.131059,0.727152,-0.092431,0.667480
-0.130220,0.727350,-0.091597,0.667544
-0.130027,0.727438,-0.090968,0.667572
-0.130583,0.727393,-0.090989,0.667509
-0.131429,0.727311,-0.091722,0.667333
-0.131409,0.727377,-0.091913,0.667238
-0.131337,0.727468,-0.091744,0.667176
-0.131635,0.727492,-0.091668,0.667102
-0.131754,0.727533,-0.091881,0.667004
-0.132126,0.727545,-0.092249,0.666867
-0.132508,0.727555,-0.092457,0.666751
-0.132462,0.727648,-0.092465,0.666658
-0.132446,0.727722,-0.092291,0.666604
-0.132889,0.727731,-0.092194,0.666520
-0.132817,0.727801,-0.092357,0.666435
-0.132702,0.727892,-0.092672,0.666316
-0.132721,0.727955,-0.093002,0.666196
-0.132399,0.728114,-0.093119,0.666070
-0.132274,0.728237,-0.092988,0.665978
-0.131975,0.728409,-0.092633,0.665900
-0.131212,0.728630,-0.092017,0.665894
-0.130871,0.728793,-0.091392,0.665869
-0.131284,0.728785,-0.091564,0.665772
-0.131648,0.728786,-0.092107,0.665624
-0.132098,0.728770,-0.092816,0.665455
-0.132282,0.728813,-0.093258,0.665309
-0.132053,0.728912,-0.093047,0.665276
-0.131905,0.728999,-0.092504,0.665285
-0.131971,0.729038,-0.092542,0.665225
-0.132259,0.729039,-0.092888,0.665117
-0.132719,0.729016,-0.093282,0.664996
-0.133079,0.728997,-0.093752,0.664880
-0.133243,0.729015,-0.094014,0.664790
-0.133349,0.729055,-0.093987,0.664728
-0.133301,0.729112,-0.093703,0.664715
-0.133196,0.729162,-0.093413,0.664723
-0.133117,0.729198,-0.093330,0.664710
-0.132843,0.729285,-0.093377,0.664664
-0.132389,0.729418,-0.093404,0.664604
-0.132028,0.729576,-0.093551,0.664481
-0.132074,0.729667,-0.093661,0.664358
-0.132427,0.729713,-0.093857,0.664208
-0.132625,0.729768,-0.094002,0.664088
-0.132779,0.729809,-0.094116,0.663996
-0.132748,0.729885,-0.094038,0.663930
-0.132835,0.729907,-0.093719,0.663933
-0.133263,0.729847,-0.093537,0.663940
-0.133910,0.729718,-0.093694,0.663929
-0.134285,0.729631,-0.094144,0.663885
-0.134050,0.729649,-0.094210,0.663903
-0.133779,0.729667,-0.094248,0.663932
-0.133686,0.729642,-0.094384,0.663959
-0.133886,0.729563,-0.094741,0.663956
-0.134302,0.729458,-0.095138,0.663930
-0.134483,0.729406,-0.095544,0.663892
-0.133833,0.729511,-0.095285,0.663945
-0.133160,0.729636,-0.094533,0.664051
-0.133131,0.729661,-0.093980,0.664108
-0.132961,0.729733,-0.093883,0.664076
-0.132623,0.729854,-0.093902,0.664008
-0.132820,0.729910,-0.094329,0.663847
-0.133191,0.729949,-0.094928,0.663644
-0.133439,0.730053,-0.095518,0.663395
-0.133334,0.730221,-0.095700,0.663206
-0.133119,0.730445,-0.095535,0.663026
-0.132900,0.730638,-0.095192,0.662906
-0.132398,0.730922,-0.094739,0.662758
-0.131943,0.731187,-0.094387,0.662607
-0.131156,0.731568,-0.094175,0.662373
-0.130894,0.731842,-0.094260,0.662110
-0.131251,0.732070,-0.094597,0.661739
-0.131653,0.732243,-0.095094,0.661396
-0.132100,0.732432,-0.095694,0.661011
-0.132731,0.732553,-0.096238,0.660671
-0.133547,0.732650,-0.096877,0.660306
-0.133784,0.732800,-0.097286,0.660031
-0.133964,0.732961,-0.097544,0.659778
-0.134251,0.733065,-0.098001,0.659537
-0.134801,0.733125,-0.098694,0.659254
-0.135131,0.733210,-0.099144,0.659025
-0.135371,0.733282,-0.099384,0.658859
-0.135666,0.733354,-0.099667,0.658675
-0.136111,0.733361,-0.100003,0.658525
-0.136330,0.733410,-0.100487,0.658351
-0.136317,0.733489,-0.100759,0.658224
-0.136342,0.733568,-0.100961,0.658100
-0.136515,0.733596,-0.100996,0.658028
-0.136696,0.733638,-0.101098,0.657928
-0.136269,0.733771,-0.100970,0.657888
-0.135299,0.734025,-0.100487,0.657878
-0.134525,0.734242,-0.099997,0.657870
-0.134281,0.734380,-0.099623,0.657822
-0.134688,0.734387,-0.099540,0.657744
-0.135245,0.734372,-0.099690,0.657623
-0.135948,0.734328,-0.099790,0.657512
-0.136736,0.734261,-0.099965,0.657397
-0.136858,0.734310,-0.099982,0.657315
-0.136705,0.734413,-0.099897,0.657245
-0.136777,0.734473,-0.099756,0.657184
-0.136644,0.734572,-0.099751,0.657101
-0.135914,0.734786,-0.099517,0.657049
-0.135269,0.735008,-0.099202,0.656982
-0.135237,0.735125,-0.098977,0.656892
-0.135380,0.735239,-0.099015,0.656729
-0.135622,0.735317,-0.099154,0.656570
-0.135822,0.735430,-0.099338,0.656374
-0.135393,0.735633,-0.099326,0.656237
-0.134425,0.735978,-0.098683,0.656147
-0.133646,0.736264,-0.098088,0.656074
-0.133144,0.736528,-0.097834,0.655918
-0.133151,0.736693,-0.098143,0.655684
-0.133259,0.736865,-0.098694,0.655387
-0.133468,0.737001,-0.099052,0.655137
-0.133809,0.737133,-0.099325,0.654878
-0.133942,0.737265,-0.099786,0.654632
-0.133960,0.737428,-0.100436,0.654345
-0.134170,0.737537,-0.100823,0.654120
-0.134407,0.737638,-0.100974,0.653934
-0.134355,0.737800,-0.101122,0.653739
-0.134375,0.737912,-0.101263,0.653587
-0.134633,0.737970,-0.101823,0.653381
-0.134734,0.738017,-0.102460,0.653208
-0.134542,0.738116,-0.103236,0.653013
-0.134373,0.738219,-0.103574,0.652878
-0.134287,0.738304,-0.103909,0.652747
-0.134122,0.738393,-0.104095,0.652650
-0.134226,0.738445,-0.104341,0.652531
-0.134412,0.738462,-0.104620,0.652428
-0.134253,0.738542,-0.105023,0.652306
-0.133797,0.738678,-0.105149,0.652224
-0.133391,0.738799,-0.105065,0.652184
-0.133434,0.738811,-0.105161,0.652146
-0.133855,0.738737,-0.105550,0.652082
-0.134080,0.738699,-0.106041,0.651999
-0.134165,0.738680,-0.106666,0.651901
-0.134266,0.738666,-0.106912,0.651856
-0.134220,0.738661,-0.106970,0.651861
-0.134211,0.738655,-0.107000,0.651865
-0.134558,0.738581,-0.107270,0.651833
-0.134650,0.738556,-0.107669,0.651777
-0.134392,0.738589,-0.107774,0.651774
-0.134172,0.738635,-0.107437,0.651824
-0.134452,0.738586,-0.106958,0.651900
-0.134746,0.738519,-0.106756,0.651948
-0.134816,0.738490,-0.106815,0.651958
-0.134506,0.738561,-0.106703,0.651959
-0.134109,0.738671,-0.106406,0.651965
-0.134085,0.738715,-0.106257,0.651944
-0.134332,0.738721,-0.106401,0.651863
-0.134524,0.738729,-0.106862,0.651739
-0.134190,0.738868,-0.107047,0.651620
-0.133840,0.739017,-0.106954,0.651538
-0.133981,0.739094,-0.106943,0.651423
-0.134364,0.739117,-0.107236,0.651270
-0.134374,0.739228,-0.107639,0.651075
-0.134299,0.739353,-0.107644,0.650948
-0.134157,0.739510,-0.107300,0.650856
-0.133618,0.739719,-0.106872,0.650800
-0.133123,0.739942,-0.106276,0.650746
-0.133023,0.740092,-0.105974,0.650645
-0.133207,0.740211,-0.105845,0.650493
-0.133152,0.740409,-0.105829,0.650281
-0.132952,0.740630,-0.105779,0.650078
-0.132544,0.740953,-0.105408,0.649854
-0.132033,0.741268,-0.104843,0.649691
-0.131614,0.741617,-0.104364,0.649454
-0.131836,0.741817,-0.104372,0.649179
-0.131904,0.742087,-0.104513,0.648834
-0.131592,0.742406,-0.104356,0.648557
-0.131271,0.742799,-0.103984,0.648233
-0.131288,0.743090,-0.103712,0.647939
-0.131685,0.743362,-0.103945,0.647508
-0.132174,0.743562,-0.104329,0.647117
-0.132570,0.743829,-0.104667,0.646675
-0.132847,0.744052,-0.104824,0.646336
-0.133325,0.744264,-0.104847,0.645990
-0.133742,0.744430,-0.104838,0.645713
-0.133982,0.744665,-0.105346,0.645310
-0.134260,0.744858,-0.105759,0.644962
-0.134863,0.745036,-0.106164,0.644564
-0.135316,0.745181,-0.106498,0.644247
-0.136140,0.745274,-0.106911,0.643897
-0.137044,0.745294,-0.107342,0.643610
-0.137693,0.745359,-0.107919,0.643300
-0.137843,0.745460,-0.108208,0.643102
-0.137436,0.745678,-0.108369,0.642909
-0.137274,0.745819,-0.108478,0.642762
-0.137898,0.745813,-0.108844,0.642573
-0.138288,0.745817,-0.109465,0.642379
-0.138104,0.745955,-0.109615,0.642233
-0.137881,0.746093,-0.109320,0.642171
-0.137677,0.746204,-0.108822,0.642171
-0.137753,0.746252,-0.108464,0.642158
-0.137700,0.746306,-0.108281,0.642139
-0.137640,0.746368,-0.108089,0.642111
-0.137564,0.746425,-0.107866,0.642099
-0.137519,0.746472,-0.107388,0.642133
-0.137435,0.746523,-0.106927,0.642170
-0.137000,0.746643,-0.106418,0.642208
-0.136377,0.746807,-0.105930,0.642231
-0.135986,0.746929,-0.105709,0.642208
-0.135889,0.746988,-0.105880,0.642131
-0.135837,0.747051,-0.106250,0.642008
-0.135683,0.747139,-0.106394,0.641914
-0.135617,0.747230,-0.106136,0.641865
-0.135147,0.747403,-0.105732,0.641829
-0.134534,0.747630,-0.105116,0.641795
-0.134312,0.747777,-0.104815,0.641720
-0.134464,0.747875,-0.104714,0.641590
-0.134514,0.747969,-0.104716,0.641470
-0.134675,0.748083,-0.104607,0.641320
-0.134757,0.748196,-0.104254,0.641229
-0.134328,0.748414,-0.103518,0.641183
-0.134101,0.748573,-0.103071,0.641118
-0.134309,0.748648,-0.103095,0.640983
-0.134774,0.748659,-0.103550,0.640799
-0.135266,0.748689,-0.104208,0.640554
-0.135268,0.748788,-0.104433,0.640400
-0.135191,0.748921,-0.104501,0.640250
-0.135328,0.748986,-0.104629,0.640125
-0.135826,0.748968,-0.105089,0.639965
-0.136208,0.748941,-0.105598,0.639831
-0.136900,0.748855,-0.106194,0.639686
-0.137175,0.748821,-0.106551,0.639607
-0.136772,0.748908,-0.106632,0.639578
-0.136360,0.749008,-0.106536,0.639565
-0.136761,0.748933,-0.106446,0.639582
-0.137551,0.748764,-0.106806,0.639551
-0.138100,0.748621,-0.107178,0.639538
-0.138300,0.748545,-0.107260,0.639570
-0.137911,0.748585,-0.106893,0.639668
-0.137372,0.748644,-0.106412,0.639795
-0.137305,0.748617,-0.106247,0.639868
-0.137566,0.748530,-0.106349,0.639897
-0.137809,0.748448,-0.106570,0.639905
-0.137634,0.748459,-0.106676,0.639911
-0.137086,0.748568,-0.106283,0.639967
-0.136552,0.748679,-0.105733,0.640043
-0.136511,0.748685,-0.105450,0.640090
-0.136622,0.748672,-0.105646,0.640049
-0.136724,0.748669,-0.106062,0.639962
-0.136539,0.748737,-0.106487,0.639852
-0.136275,0.748839,-0.106470,0.639792
-0.136632,0.748828,-0.106326,0.639752
-0.137519,0.748696,-0.106323,0.639718
-0.138539,0.748512,-0.106442,0.639693
-0.139208,0.748391,-0.106433,0.639691
-0.139679,0.748285,-0.106290,0.639736
-0.139964,0.748195,-0.106011,0.639825
-0.140096,0.748125,-0.105792,0.639914
-0.140187,0.748040,-0.105527,0.640038
-0.140482,0.747928,-0.105356,0.640132
-0.140581,0.747855,-0.105176,0.640225
-0.140507,0.747813,-0.105054,0.640311
-0.140525,0.747762,-0.104870,0.640397
-0.140266,0.747763,-0.104726,0.640475
-0.139851,0.747799,-0.104535,0.640555
-0.139466,0.747842,-0.104549,0.640587
-0.138751,0.747939,-0.104591,0.640622
-0.137759,0.748108,-0.104520,0.640651
-0.136282,0.748372,-0.104093,0.640727
-0.135604,0.748511,-0.103810,0.640755
-0.135134,0.748603,-0.103795,0.640749
-0.134827,0.748685,-0.103906,0.640700
-0.134656,0.748747,-0.104023,0.640644
-0.135008,0.748718,-0.104089,0.640593
-0.135232,0.748706,-0.104300,0.640526
-0.135018,0.748761,-0.104308,0.640505
-0.135060,0.748766,-0.104080,0.640527
-0.135073,0.748767,-0.103876,0.640557
-0.134613,0.748855,-0.103501,0.640611
-0.134332,0.748912,-0.103317,0.640634
-0.134331,0.748935,-0.103354,0.640601
-0.134181,0.748988,-0.103408,0.640562
-0.134090,0.749034,-0.103342,0.640537
-0.134607,0.748964,-0.103235,0.640528
-0.135032,0.748895,-0.103275,0.640513
-0.134891,0.748928,-0.103160,0.640523
-0.134667,0.748984,-0.102883,0.640549
-0.134524,0.749015,-0.102445,0.640614
-0.134639,0.748994,-0.102184,0.640655
-0.135333,0.748858,-0.102285,0.640652
-0.136010,0.748728,-0.102387,0.640644
-0.136265,0.748667,-0.102516,0.640641
-0.136417,0.748625,-0.102408,0.640674
-0.136727,0.748549,-0.102304,0.640713
-0.136841,0.748494,-0.102341,0.640748
-0.137110,0.748408,-0.102363,0.640788
-0.137467,0.748304,-0.102368,0.640832
-0.137056,0.748335,-0.102060,0.640932
-0.136741,0.748355,-0.101641,0.641043
-0.136694,0.748339,-0.101452,0.641101
-0.136650,0.748312,-0.101489,0.641137
-0.136817,0.748271,-0.101349,0.641171
-0.137376,0.748159,-0.101051,0.641229
-0.137442,0.748123,-0.100699,0.641313
-0.137559,0.748079,-0.100321,0.641398
-0.137832,0.748006,-0.100196,0.641445
-0.137978,0.747964,-0.100163,0.641467
-0.137841,0.747980,-0.100075,0.641492
-0.138027,0.747942,-0.100019,0.641505
-0.138398,0.747883,-0.100113,0.641479
-0.138612,0.747846,-0.100287,0.641448
-0.138703,0.747837,-0.100365,0.641426
-0.138798,0.747832,-0.100528,0.641386
-0.138505,0.747896,-0.100688,0.641350
-0.138333,0.747953,-0.100912,0.641286
-0.138136,0.748006,-0.101208,0.641220
-0.138422,0.747974,-0.101736,0.641112
-0.138927,0.747907,-0.102476,0.640963
-0.139245,0.747865,-0.103300,0.640811
-0.138925,0.747966,-0.103503,0.640729
-0.138458,0.748116,-0.103083,0.640723
-0.138546,0.748158,-0.102470,0.640754
-0.139121,0.748087,-0.102453,0.640715
-0.139654,0.748001,-0.102821,0.640639
-0.139950,0.747959,-0.103141,0.640572
-0.140175,0.747931,-0.102945,0.640588
-0.140606,0.747861,-0.102759,0.640605
-0.141132,0.747768,-0.102629,0.640618
-0.141304,0.747743,-0.102669,0.640603
-0.141324,0.747747,-0.102719,0.640587
-0.141255,0.747770,-0.102557,0.640601
-0.141148,0.747794,-0.102209,0.640652
-0.141268,0.747771,-0.101860,0.640708
-0.141888,0.747658,-0.101797,0.640713
-0.142404,0.747561,-0.101897,0.640696
-0.142605,0.747525,-0.101824,0.640705
-0.142356,0.747570,-0.101515,0.640756
-0.142096,0.747610,-0.100946,0.640857
-0.142088,0.747609,-0.100592,0.640916
-0.142389,0.747550,-0.100285,0.640966
-0.142939,0.747442,-0.100154,0.640990
-0.143032,0.747416,-0.099798,0.641056
-0.142712,0.747462,-0.099274,0.641154
-0.142263,0.747541,-0.098622,0.641262
-0.141903,0.747606,-0.098373,0.641304
-0.141858,0.747620,-0.098393,0.641295
-0.141899,0.747653,-0.098558,0.641222
-0.141686,0.747747,-0.098478,0.641173
-0.141329,0.747882,-0.098178,0.641140
-0.140959,0.748030,-0.097909,0.641089
-0.140612,0.748181,-0.097895,0.640992
-0.140639,0.748271,-0.098108,0.640848
-0.140884,0.748316,-0.098365,0.640703
-0.141176,0.748368,-0.098580,0.640545
-0.141176,0.748462,-0.098777,0.640405
-0.141199,0.748572,-0.098750,0.640275
-0.141319,0.748629,-0.098753,0.640180
-0.141820,0.748601,-0.099077,0.640053
-0.142057,0.748603,-0.099714,0.639899
-0.142199,0.748625,-0.100140,0.639775
-0.142606,0.748594,-0.100319,0.639692
-0.142850,0.748587,-0.100670,0.639591
-0.142732,0.748743,-0.100796,0.639415
-0.143702,0.748623,-0.100839,0.639332
-0.143967,0.748597,-0.100999,0.639277
-0.144943,0.748405,-0.101153,0.639257
-0.146207,0.748133,-0.102538,0.639067
-0.145275,0.748319,-0.101273,0.639263
-0.145526,0.748233,-0.101463,0.639277
-0.144894,0.748330,-0.101328,0.639329
-0.142961,0.748733,-0.100525,0.639418
-0.143105,0.748731,-0.100663,0.639366
-0.143493,0.748690,-0.101107,0.639257
-0.143140,0.748785,-0.101137,0.639221
-0.142085,0.749040,-0.100689,0.639228
-0.142005,0.749073,-0.101040,0.639151
-0.142192,0.749053,-0.101807,0.639013
-0.142767,0.748963,-0.102696,0.638847
-0.143096,0.748917,-0.103255,0.638737
-0.142977,0.748949,-0.103047,0.638760
-0.142633,0.749018,-0.102375,0.638865
-0.142182,0.749097,-0.102111,0.638914
-0.141490,0.749224,-0.102145,0.638913
-0.141360,0.749277,-0.102467,0.638829
-0.141967,0.749191,-0.102898,0.638726
-0.142447,0.749119,-0.103066,0.638676
-0.142505,0.749137,-0.102750,0.638693
-0.142597,0.749141,-0.102410,0.638723
-0.142762,0.749137,-0.102278,0.638711
-0.142717,0.749167,-0.102405,0.638666
-0.142567,0.749231,-0.102447,0.638617
-0.142577,0.749251,-0.102305,0.638614
-0.142652,0.749247,-0.102101,0.638635
-0.142983,0.749192,-0.102049,0.638635
-0.143508,0.749101,-0.102296,0.638584
-0.143992,0.749008,-0.102650,0.638526
-0.144301,0.748942,-0.103167,0.638451
-0.144652,0.748853,-0.103705,0.638389
-0.144850,0.748788,-0.103966,0.638378
-0.145125,0.748711,-0.103886,0.638419
-0.145488,0.748625,-0.103792,0.638452
-0.145480,0.748592,-0.103646,0.638516
-0.145238,0.748609,-0.103438,0.638585
-0.144771,0.748690,-0.103001,0.638668
-0.144372,0.748754,-0.102784,0.638718
-0.144129,0.748798,-0.102810,0.638716
-0.144113,0.748826,-0.102765,0.638695
-0.144282,0.748834,-0.102729,0.638653
-0.144348,0.748862,-0.102710,0.638608
-0.144241,0.748923,-0.102507,0.638593
-0.143520,0.749407,-0.102153,0.638245
-0.143364,0.749515,-0.102335,0.638124
-0.143035,0.749657,-0.102475,0.638008
-0.142752,0.749798,-0.102816,0.637851
-0.142356,0.749956,-0.102951,0.637733
-0.142334,0.750044,-0.103062,0.637615
-0.142780,0.750015,-0.103554,0.637470
-0.142896,0.750063,-0.104228,0.637278
-0.142869,0.750137,-0.104636,0.637129
-0.143186,0.750139,-0.104971,0.637002
-0.143577,0.750105,-0.105582,0.636853
-0.143716,0.750100,-0.106215,0.636721
-0.143846,0.750097,-0.106485,0.636650
-0.143573,0.750147,-0.106497,0.636651
-0.142908,0.750253,-0.106635,0.636653
-0.142637,0.750297,-0.106910,0.636615
-0.142815,0.750260,-0.107243,0.636563
-0.142774,0.750264,-0.107662,0.636498
-0.142091,0.750433,-0.107495,0.636479
-0.141840,0.750514,-0.107262,0.636478
-0.141837,0.750546,-0.107071,0.636474
-0.142228,0.750484,-0.107175,0.636442
-0.143424,0.750248,-0.107590,0.636383
-0.144367,0.750057,-0.107642,0.636385
-0.144554,0.750332,-0.102431,0.636878
-0.145634,0.750609,-0.105354,0.635828
-0.144535,0.750740,-0.106054,0.635808
-0.145429,0.750263,-0.103285,0.636623
-0.145967,0.750129,-0.102092,0.636850
-0.146053,0.750106,-0.101844,0.636896
-0.145803,0.750181,-0.101289,0.636954
-0.145850,0.750198,-0.100651,0.637025
-0.146802,0.749834,-0.102655,0.636915
-0.146501,0.749879,-0.101680,0.637088
-0.145648,0.750125,-0.102186,0.636913
-0.145723,0.750079,-0.102544,0.636892
-0.145278,0.750082,-0.102562,0.636987
-0.145670,0.749939,-0.103516,0.636912
-0.145715,0.749486,-0.102201,0.637647
-0.145074,0.749559,-0.101996,0.637740
-0.145475,0.749478,-0.101968,0.637748
-0.145891,0.749415,-0.102067,0.637712
-0.146222,0.749386,-0.101617,0.637741
-0.146439,0.749357,-0.101260,0.637782
-0.146646,0.749348,-0.100077,0.637932
-0.147066,0.749283,-0.099886,0.637941
-0.147310,0.749265,-0.099553,0.637959
-0.147262,0.749298,-0.099015,0.638014
-0.146997,0.749371,-0.098422,0.638082
-0.146463,0.749503,-0.098217,0.638081
-0.145751,0.749671,-0.098126,0.638061
-0.145134,0.749842,-0.098232,0.637984
-0.144868,0.749955,-0.098442,0.637879
-0.144955,0.750022,-0.098977,0.637698
-0.145051,0.750091,-0.099783,0.637469
-0.144680,0.750266,-0.100375,0.637255
-0.144176,0.750458,-0.100596,0.637108
-0.144039,0.750592,-0.100672,0.636969
-0.144309,0.750616,-0.101120,0.636809
-0.144835,0.750579,-0.101810,0.636623
-0.145256,0.750551,-0.102557,0.636440
-0.145780,0.750511,-0.103030,0.636291
-0.146228,0.750463,-0.103205,0.636217
-0.146619,0.750397,-0.103288,0.636191
-0.146929,0.750307,-0.103381,0.636210
-0.147259,0.750199,-0.103605,0.636225
-0.147342,0.750123,-0.103927,0.636243
-0.147046,0.750117,-0.103811,0.636337
-0.147024,0.750060,-0.103376,0.636481
-0.147175,0.749989,-0.102987,0.636592
-0.147092,0.749972,-0.102463,0.636716
-0.146908,0.749994,-0.101872,0.636827
-0.146864,0.749979,-0.101157,0.636970
-0.147147,0.749912,-0.100785,0.637042
-0.147204,0.749896,-0.100599,0.637077
-0.146839,0.749984,-0.100140,0.637130
-0.146260,0.750152,-0.099303,0.637196
-0.145978,0.750255,-0.098484,0.637267
-0.146240,0.750333,-0.097583,0.637253
-0.146606,0.750349,-0.097650,0.637140
-0.147064,0.750345,-0.097783,0.637019
-0.147289,0.750356,-0.097968,0.636926
-0.147658,0.750380,-0.098202,0.636776
-0.148199,0.750437,-0.099054,0.636451
-0.151985,0.749855,-0.100440,0.636026
-0.151915,0.750995,-0.100065,0.634756
-0.148303,0.752648,-0.102662,0.633235
-0.147661,0.752773,-0.103091,0.633168
-0.147161,0.752862,-0.103376,0.633132
-0.146585,0.752895,-0.103446,0.633215
-0.146297,0.752921,-0.103209,0.633290
-0.146299,0.752894,-0.102948,0.633364
-0.146798,0.752734,-0.102798,0.633462
-0.146899,0.752685,-0.102589,0.633532
-0.147067,0.752627,-0.102406,0.633590
-0.151461,0.751704,-0.099864,0.634057
-0.155089,0.751232,-0.100158,0.633693
-0.155365,0.751190,-0.100095,0.633685
-0.155057,0.751267,-0.099517,0.633760
-0.154509,0.751373,-0.098723,0.633893
-0.154099,0.751466,-0.098033,0.633989
-0.154162,0.751490,-0.097700,0.633997
-0.154433,0.751489,-0.097663,0.633938
-0.154313,0.751571,-0.097613,0.633878
-0.153949,0.751734,-0.097324,0.633817
-0.153875,0.751828,-0.097117,0.633755
-0.153823,0.751906,-0.097008,0.633693
-0.153752,0.751996,-0.097077,0.633592
-0.153950,0.752036,-0.097390,0.633448
-0.154011,0.752108,-0.097792,0.633287
-0.153922,0.752235,-0.098285,0.633080
-0.153742,0.752354,-0.098456,0.632956
-0.153734,0.752438,-0.098541,0.632844
-0.153832,0.752461,-0.098893,0.632739
-0.153885,0.752483,-0.099369,0.632625
-0.153883,0.752519,-0.099678,0.632535
-0.153715,0.752589,-0.099897,0.632458
-0.153285,0.752700,-0.099874,0.632433
-0.153125,0.752746,-0.099790,0.632431
-0.153399,0.752703,-0.100036,0.632376
-0.153740,0.752633,-0.100517,0.632300
-0.153959,0.752566,-0.101005,0.632250
-0.153955,0.752545,-0.101239,0.632238
-0.153851,0.752537,-0.101178,0.632283
-0.153643,0.752533,-0.100696,0.632415
-0.153696,0.752462,-0.100483,0.632519
-0.152901,0.752116,-0.099430,0.633290
-0.152748,0.752102,-0.099114,0.633394
-0.152803,0.752050,-0.098907,0.633474
-0.153200,0.751928,-0.099112,0.633492
-0.153716,0.751782,-0.099409,0.633493
-0.154007,0.751681,-0.099571,0.633517
-0.154157,0.751594,-0.099477,0.633598
-0.154248,0.751528,-0.099175,0.633701
-0.154540,0.751414,-0.098889,0.633810
-0.155097,0.751247,-0.098890,0.633872
-0.155448,0.751122,-0.098844,0.633942
-0.155371,0.751080,-0.098311,0.634093
-0.155153,0.751062,-0.097624,0.634274
-0.155420,0.750927,-0.096967,0.634469
-0.155918,0.750755,-0.096872,0.634565
-0.156492,0.750554,-0.097128,0.634622
-0.156619,0.750451,-0.097267,0.634691
-0.156288,0.750433,-0.097147,0.634812
-0.155704,0.750473,-0.096640,0.634986
-0.155197,0.750490,-0.095969,0.635192
-0.155140,0.750437,-0.095834,0.635289
-0.155094,0.750382,-0.096203,0.635309
-0.154714,0.750404,-0.096460,0.635337
-0.154155,0.750484,-0.096392,0.635389
-0.153402,0.750599,-0.095868,0.635515
-0.153124,0.750619,-0.095432,0.635623
-0.153320,0.750555,-0.095463,0.635648
-0.153709,0.750446,-0.095897,0.635616
-0.154058,0.750340,-0.096390,0.635582
-0.154155,0.750295,-0.096463,0.635601
-0.154098,0.750272,-0.096243,0.635675
-0.154002,0.750267,-0.095886,0.635759
-0.153835,0.750262,-0.095686,0.635835
-0.153526,0.750298,-0.095563,0.635886
-0.153112,0.750354,-0.095254,0.635966
-0.152982,0.750367,-0.095076,0.636009
-0.153170,0.750327,-0.095071,0.636011
-0.153627,0.750248,-0.095243,0.635969
-0.153831,0.750222,-0.095388,0.635928
-0.153802,0.750233,-0.095124,0.635961
-0.153760,0.750237,-0.094646,0.636038
-0.153675,0.750244,-0.094506,0.636072
-0.153828,0.750203,-0.094589,0.636071
-0.154291,0.750112,-0.094892,0.636020
-0.154726,0.750023,-0.095235,0.635969
-0.154835,0.749972,-0.095433,0.635972
-0.154831,0.749945,-0.095383,0.636013
-0.154740,0.749919,-0.095345,0.636072
-0.154818,0.749856,-0.095535,0.636097
-0.154997,0.749793,-0.095850,0.636082
-0.154892,0.749764,-0.095849,0.636141
-0.154612,0.749791,-0.095469,0.636235
-0.154245,0.749842,-0.095185,0.636306
-0.153998,0.749882,-0.094977,0.636350
-0.154156,0.749850,-0.094642,0.636399
-0.154657,0.749751,-0.094521,0.636412
-0.154894,0.749695,-0.094449,0.636432
-0.154695,0.749736,-0.094185,0.636470
-0.154565,0.749766,-0.093832,0.636518
-0.154470,0.749798,-0.093723,0.636520
-0.154471,0.749832,-0.093818,0.636466
-0.154498,0.749858,-0.093909,0.636416
-0.154336,0.749918,-0.093809,0.636399
-0.154290,0.749965,-0.093800,0.636356
-0.154314,0.750006,-0.094028,0.636269
-0.154516,0.750021,-0.094111,0.636189
-0.154886,0.749995,-0.094186,0.636119
-0.155022,0.750018,-0.094453,0.636019
-0.155187,0.750032,-0.094829,0.635907
-0.155369,0.750028,-0.095107,0.635825
-0.155082,0.750114,-0.095188,0.635782
-0.154816,0.750197,-0.095098,0.635762
-0.155152,0.750163,-0.095139,0.635714
-0.155565,0.750108,-0.095429,0.635634
-0.156156,0.750011,-0.096044,0.635511
-0.156305,0.749992,-0.096422,0.635440
-0.156522,0.749942,-0.096230,0.635474
-0.156902,0.749841,-0.096121,0.635517
-0.157445,0.749680,-0.096145,0.635568
-0.157757,0.749581,-0.095967,0.635634
-0.158342,0.749424,-0.095411,0.635759
-0.159037,0.749257,-0.094862,0.635864
-0.159409,0.749134,-0.094144,0.636022
-0.159885,0.748974,-0.093145,0.636239
-0.160154,0.748848,-0.092585,0.636401
-0.159480,0.748887,-0.092049,0.636602
-0.158604,0.749003,-0.091793,0.636722
-0.157469,0.749191,-0.091620,0.636806
-0.156433,0.749407,-0.091489,0.636827
-0.155431,0.749648,-0.091383,0.636804
-0.154934,0.749814,-0.091223,0.636751
-0.154701,0.749966,-0.091159,0.636639
-0.154827,0.750037,-0.091186,0.636521
-0.155478,0.750037,-0.091393,0.636332
-0.156096,0.750019,-0.091563,0.636178
-0.156504,0.750030,-0.091536,0.636068
-0.156772,0.750055,-0.091402,0.635992
-0.156906,0.750093,-0.091412,0.635913
-0.157031,0.750114,-0.091552,0.635836
-0.157109,0.750147,-0.091607,0.635771
-0.157178,0.750166,-0.091397,0.635761
-0.157194,0.750188,-0.090744,0.635825
-0.157301,0.750181,-0.090512,0.635840
-0.157077,0.750237,-0.090621,0.635814
-0.156728,0.750317,-0.090729,0.635790
-0.156496,0.750378,-0.090750,0.635773
-0.156581,0.750376,-0.090854,0.635738
-0.156633,0.750386,-0.091075,0.635682
-0.156298,0.750461,-0.091103,0.635672
-0.155850,0.750548,-0.090935,0.635705
-0.155725,0.750586,-0.090787,0.635711
-0.155974,0.750546,-0.090914,0.635679
-0.156275,0.750496,-0.091239,0.635618
-0.156249,0.750509,-0.091485,0.635573
-0.156005,0.750564,-0.091324,0.635592
-0.155922,0.750580,-0.091030,0.635635
-0.155715,0.750626,-0.090842,0.635659
-0.155444,0.750693,-0.090865,0.635643
-0.155333,0.750744,-0.090925,0.635601
-0.155369,0.750768,-0.091075,0.635542
-0.155636,0.750760,-0.091233,0.635463
-0.155755,0.750790,-0.091513,0.635359
-0.155872,0.750832,-0.091573,0.635271
-0.156028,0.750862,-0.091391,0.635224
-0.156040,0.750904,-0.091100,0.635213
-0.156035,0.750956,-0.090999,0.635168
-0.156511,0.750927,-0.091122,0.635067
-0.157207,0.750846,-0.091346,0.634958
-0.157938,0.750769,-0.091703,0.634817
-0.158279,0.750749,-0.091888,0.634728
-0.158527,0.750741,-0.091859,0.634681
-0.158739,0.750732,-0.091822,0.634643
-0.158852,0.750740,-0.091770,0.634614
-0.158963,0.750743,-0.091869,0.634567
-0.159515,0.750663,-0.091971,0.634510
-0.160160,0.750563,-0.092048,0.634454
-0.160326,0.750564,-0.092176,0.634392
-0.160039,0.750653,-0.091996,0.634385
-0.159946,0.750706,-0.091570,0.634408
-0.160133,0.750705,-0.091520,0.634369
-0.160229,0.750733,-0.091955,0.634249
-0.160053,0.750824,-0.092551,0.634098
-0.159826,0.750938,-0.092769,0.633989
-0.159712,0.751034,-0.092842,0.633894
-0.159817,0.751077,-0.093039,0.633787
-0.159900,0.751127,-0.093512,0.633638
-0.159930,0.751175,-0.093745,0.633538
-0.160188,0.751189,-0.093918,0.633430
-0.160470,0.751178,-0.094154,0.633337
-0.160631,0.751198,-0.094642,0.633200
-0.160683,0.751218,-0.095059,0.633101
-0.160648,0.751249,-0.095441,0.633015
-0.160610,0.751269,-0.095687,0.632965
-0.160855,0.751223,-0.096085,0.632896
-0.161245,0.751141,-0.096447,0.632839
-0.161758,0.751025,-0.096812,0.632790
-0.161741,0.751007,-0.097002,0.632787
-0.161250,0.751074,-0.096852,0.632855
-0.160744,0.751138,-0.096491,0.632963
-0.160292,0.751178,-0.096185,0.633078
-0.159967,0.751195,-0.095871,0.633187
-0.159649,0.751208,-0.095381,0.633326
-0.158998,0.751296,-0.094705,0.633486
-0.158113,0.751425,-0.093495,0.633735
-0.157899,0.751427,-0.092377,0.633950
-0.157972,0.751370,-0.091535,0.634120
-0.157868,0.751353,-0.090527,0.634311
-0.157955,0.751306,-0.089589,0.634478
-0.158161,0.751227,-0.088320,0.634699
-0.158232,0.751187,-0.087090,0.634899
-0.158328,0.751128,-0.085622,0.635145
-0.158439,0.751062,-0.084581,0.635334
-0.158592,0.750962,-0.083779,0.635520
-0.159012,0.750828,-0.083405,0.635623
-0.159602,0.750664,-0.083351,0.635675
-0.159785,0.750591,-0.083342,0.635718
-0.159543,0.750599,-0.083334,0.635769
-0.159024,0.750663,-0.083225,0.635838
-0.158211,0.750784,-0.083235,0.635896
-0.157300,0.750928,-0.083268,0.635949
-0.156938,0.750983,-0.083486,0.635945
-0.157174,0.750946,-0.084018,0.635860
-0.157442,0.750918,-0.084815,0.635721
-0.157404,0.750968,-0.085199,0.635620
-0.157346,0.751013,-0.085301,0.635567
-0.157303,0.751044,-0.085053,0.635574
-0.157711,0.750983,-0.084996,0.635553
-0.158335,0.750888,-0.084774,0.635540
-0.158537,0.750863,-0.084431,0.635565
-0.158344,0.750914,-0.083797,0.635637
-0.158226,0.750941,-0.083338,0.635695
-0.158359,0.750917,-0.082957,0.635739
-0.158743,0.750853,-0.082691,0.635754
-0.159543,0.750716,-0.082484,0.635742
-0.160301,0.750595,-0.082313,0.635717
-0.160761,0.750543,-0.082257,0.635669
-0.160880,0.750541,-0.082040,0.635669
-0.161188,0.750497,-0.081758,0.635679
-0.161497,0.750439,-0.081657,0.635683
-0.161889,0.750355,-0.081955,0.635644
-0.162294,0.750271,-0.082265,0.635600
-0.162450,0.750234,-0.082376,0.635589
-0.162329,0.750248,-0.082150,0.635633
-0.162354,0.750236,-0.081958,0.635665
-0.162476,0.750211,-0.082010,0.635656
-0.162424,0.750230,-0.082309,0.635609
-0.162362,0.750279,-0.082413,0.635553
-0.162457,0.750284,-0.082177,0.635554
-0.162428,0.750313,-0.081776,0.635578
-0.162325,0.750345,-0.081492,0.635604
-0.162299,0.750384,-0.081550,0.635557
-0.162635,0.750359,-0.081845,0.635463
-0.163104,0.750336,-0.082237,0.635319
-0.163285,0.750368,-0.082343,0.635221
-0.163102,0.750476,-0.082111,0.635171
-0.162642,0.750627,-0.081701,0.635163
-0.162341,0.750737,-0.081383,0.635150
-0.162594,0.750742,-0.081591,0.635053
-0.162944,0.750758,-0.082177,0.634869
-0.163077,0.750814,-0.082621,0.634712
-0.163032,0.750922,-0.082932,0.634555
-0.163013,0.751010,-0.082981,0.634448
-0.162782,0.751145,-0.082798,0.634372
-0.162666,0.751240,-0.082562,0.634320
-0.162977,0.751265,-0.082537,0.634214
-0.163483,0.751246,-0.082724,0.634082
-0.163943,0.751248,-0.082822,0.633948
-0.164196,0.751261,-0.082782,0.633872
-0.164004,0.751360,-0.082768,0.633806
-0.163614,0.751481,-0.082801,0.633760
-0.163457,0.751579,-0.083121,0.633642
-0.163431,0.751647,-0.083616,0.633503
-0.163155,0.751781,-0.084080,0.633354
-0.162700,0.751943,-0.084050,0.633282
-0.162135,0.752118,-0.083528,0.633289
-0.162061,0.752188,-0.083267,0.633258
-0.162381,0.752196,-0.083659,0.633115
-0.162838,0.752176,-0.084301,0.632937
-0.163065,0.752212,-0.084781,0.632771
-0.162705,0.752331,-0.084867,0.632711
-0.161951,0.752527,-0.084580,0.632710
-0.161324,0.752694,-0.084310,0.632707
-0.161095,0.752799,-0.084206,0.632655
-0.160936,0.752888,-0.084286,0.632579
-0.160544,0.753025,-0.084188,0.632528
-0.160394,0.753129,-0.084002,0.632467
-0.160555,0.753163,-0.084024,0.632382
-0.160504,0.753243,-0.084119,0.632288
-0.160444,0.753325,-0.084144,0.632202
-0.160481,0.753401,-0.084228,0.632091
-0.160569,0.753449,-0.084231,0.632011
-0.160512,0.753508,-0.084353,0.631938
-0.160292,0.753591,-0.084609,0.631861
-0.160089,0.753672,-0.084765,0.631795
-0.160283,0.753660,-0.084795,0.631757
-0.160615,0.753625,-0.084974,0.631690
-0.160528,0.753655,-0.085086,0.631661
-0.160431,0.753670,-0.085218,0.631650
-0.160638,0.753628,-0.085513,0.631608
-0.161152,0.753533,-0.086041,0.631519
-0.161540,0.753457,-0.086396,0.631461
-0.161269,0.753499,-0.086210,0.631506
-0.161008,0.753515,-0.085631,0.631632
-0.160992,0.753470,-0.085138,0.631756
-0.161120,0.753401,-0.085193,0.631799
-0.161392,0.753305,-0.085494,0.631803
-0.161875,0.753191,-0.085668,0.631793
-0.162277,0.753075,-0.085460,0.631855
-0.162177,0.753061,-0.084926,0.631970
-0.161766,0.753107,-0.083851,0.632164
-0.161452,0.753133,-0.082515,0.632388
-0.161578,0.753085,-0.081203,0.632584
-0.161727,0.753044,-0.080408,0.632696
-0.161984,0.752977,-0.079504,0.632824
-0.162678,0.752827,-0.079001,0.632887
-0.163881,0.752580,-0.078847,0.632890
-0.164439,0.752448,-0.078682,0.632923
-0.164708,0.752382,-0.078562,0.632946
-0.164528,0.752395,-0.078538,0.632980
-0.163954,0.752489,-0.078414,0.633032
-0.162816,0.752675,-0.078160,0.633137
-0.161802,0.752861,-0.078160,0.633176
-0.161088,0.753020,-0.078620,0.633112
-0.160672,0.753151,-0.079177,0.632992
-0.160354,0.753292,-0.079500,0.632865
-0.160568,0.753323,-0.079574,0.632765
-0.161001,0.753317,-0.079667,0.632649
-0.161233,0.753325,-0.079902,0.632551
-0.161517,0.753315,-0.080224,0.632450
-0.161740,0.753295,-0.080473,0.632385
-0.162248,0.753223,-0.080676,0.632316
-0.162682,0.753151,-0.080583,0.632301
-0.162853,0.753125,-0.080140,0.632345
-0.163025,0.753082,-0.079647,0.632414
-0.163158,0.753035,-0.079180,0.632494
-0.162989,0.753056,-0.078990,0.632536
-0.162666,0.753116,-0.078675,0.632587
-0.162429,0.753159,-0.078345,0.632638
-0.162353,0.753169,-0.078035,0.632683
-0.162230,0.753201,-0.077984,0.632684
-0.161981,0.753261,-0.077815,0.632696
-0.161835,0.753312,-0.077537,0.632708
-0.161743,0.753342,-0.077081,0.632751
-0.161781,0.753355,-0.076599,0.632784
-0.161807,0.753358,-0.076124,0.632831
-0.161626,0.753379,-0.075413,0.632937
-0.161494,0.753386,-0.074870,0.633028
-0.161569,0.753351,-0.074644,0.633077
-0.161566,0.753345,-0.074736,0.633074
-0.161046,0.753438,-0.074632,0.633108
-0.160332,0.753559,-0.074122,0.633205
-0.159814,0.753651,-0.073644,0.633282
-0.159570,0.753693,-0.073886,0.633266
-0.159259,0.753756,-0.074784,0.633164
-0.159026,0.753830,-0.075827,0.633011
-0.158539,0.753937,-0.076723,0.632897
-0.157843,0.754083,-0.077406,0.632814
-0.157397,0.754177,-0.077881,0.632754
-0.156912,0.754281,-0.078537,0.632670
-0.156553,0.754356,-0.079054,0.632605
-0.156320,0.754397,-0.079439,0.632566
-0.156381,0.754370,-0.079791,0.632539
-0.156711,0.754265,-0.080151,0.632537
-0.157391,0.754099,-0.080340,0.632541
-0.158022,0.753924,-0.080481,0.632575
-0.158532,0.753752,-0.080305,0.632675
-0.158986,0.753600,-0.079860,0.632798
-0.159397,0.753412,-0.079009,0.633025
-0.159856,0.753223,-0.078164,0.633239
-0.160675,0.752947,-0.077003,0.633503
-0.161484,0.752669,-0.076001,0.633748
-0.162250,0.752375,-0.074456,0.634085
-0.162124,0.752250,-0.073224,0.634408
-0.161233,0.752295,-0.072004,0.634721
-0.160166,0.752409,-0.070649,0.635009
-0.159720,0.752466,-0.069951,0.635132
-0.159362,0.752593,-0.069833,0.635083
-0.158405,0.752889,-0.069971,0.634957
-0.156768,0.753390,-0.069739,0.634795
-0.155638,0.753799,-0.069384,0.634625
-0.154784,0.754233,-0.069711,0.634283
-0.154468,0.754575,-0.070708,0.633843
-0.154586,0.754938,-0.072135,0.633222
-0.154700,0.755273,-0.073109,0.632681
-0.155143,0.755611,-0.073883,0.632079
-0.156154,0.755768,-0.074735,0.631542
-0.156900,0.756002,-0.075929,0.630934
-0.157211,0.756221,-0.076736,0.630497
-0.157861,0.756374,-0.077294,0.630083
-0.158993,0.756344,-0.077912,0.629758
-0.160437,0.756211,-0.078828,0.629437
-0.162027,0.756027,-0.080089,0.629092
-0.162645,0.755966,-0.080904,0.628902
-0.162378,0.756026,-0.081086,0.628875
-0.161943,0.756088,-0.081078,0.628914
-0.161791,0.756064,-0.081182,0.628969
-0.162218,0.755929,-0.081758,0.628945
-0.162482,0.755800,-0.082403,0.628948
-0.161981,0.755840,-0.082395,0.629030
-0.160396,0.756061,-0.081607,0.629274
-0.159316,0.756182,-0.080827,0.629503
-0.158924,0.756176,-0.080507,0.629650
-0.159093,0.756092,-0.080717,0.629682
-0.159070,0.756059,-0.080953,0.629697
-0.158889,0.756057,-0.080766,0.629769
-0.158419,0.756118,-0.080358,0.629866
-0.157887,0.756167,-0.079514,0.630049
-0.157955,0.756114,-0.078928,0.630169
-0.158694,0.755922,-0.078810,0.630229
-0.159241,0.755795,-0.079093,0.630207
-0.159218,0.755766,-0.079283,0.630224
-0.159098,0.755741,-0.078942,0.630326
-0.159399,0.755624,-0.078383,0.630461
-0.159309,0.755573,-0.078245,0.630562
-0.158952,0.755582,-0.078158,0.630652
-0.159101,0.755501,-0.077948,0.630738
-0.159143,0.755439,-0.077780,0.630822
-0.159015,0.755416,-0.077683,0.630893
-0.158834,0.755421,-0.077493,0.630956
-0.158672,0.755424,-0.077340,0.631012
-0.158632,0.755403,-0.077124,0.631074
-0.158804,0.755360,-0.077046,0.631092
-0.159147,0.755293,-0.077207,0.631066
-0.159445,0.755238,-0.077420,0.631031
-0.159298,0.755264,-0.077652,0.631008
-0.159150,0.755276,-0.077565,0.631042
-0.159363,0.755224,-0.077500,0.631057
-0.159565,0.755163,-0.077478,0.631083
-0.159160,0.755224,-0.077165,0.631150
-0.158242,0.755372,-0.076271,0.631313
-0.157624,0.755466,-0.075230,0.631479
-0.157119,0.755554,-0.074787,0.631552
-0.156428,0.755700,-0.074544,0.631579
-0.156452,0.755728,-0.074416,0.631554
-0.156986,0.755790,-0.074768,0.631306
-0.157323,0.755804,-0.074810,0.631200
-0.156841,0.755961,-0.074842,0.631128
-0.155579,0.756260,-0.074451,0.631129
-0.154643,0.756508,-0.073909,0.631125
-0.154488,0.756627,-0.073884,0.631023
-0.155385,0.757513,-0.076441,0.629434
-0.156459,0.758306,-0.079861,0.627785
-0.156564,0.758392,-0.079529,0.627699
-0.156808,0.758381,-0.079604,0.627641
-0.157050,0.758361,-0.079690,0.627594
-0.157079,0.758389,-0.079599,0.627564
-0.156756,0.758501,-0.079094,0.627573
-0.156883,0.758523,-0.079131,0.627510
-0.157157,0.758521,-0.079219,0.627433
-0.157310,0.758549,-0.079244,0.627357
-0.157273,0.758596,-0.078918,0.627351
-0.156947,0.758686,-0.078438,0.627384
-0.156997,0.758750,-0.078078,0.627339
-0.156979,0.758819,-0.077998,0.627270
-0.157129,0.758861,-0.077920,0.627191
-0.157286,0.758932,-0.077853,0.627074
-0.157106,0.759050,-0.077721,0.626994
-0.157044,0.759183,-0.077401,0.626887
-0.157031,0.759301,-0.077220,0.626770
-0.157105,0.759435,-0.077268,0.626583
-0.156857,0.759623,-0.077297,0.626414
-0.156309,0.759889,-0.077249,0.626234
-0.155432,0.760190,-0.076820,0.626140
-0.154583,0.760501,-0.076267,0.626039
-0.154740,0.760607,-0.076440,0.625851
-0.155780,0.760603,-0.077363,0.625485
-0.156245,0.760675,-0.078169,0.625181
-0.157275,0.760724,-0.078742,0.624792
-0.158391,0.760730,-0.079285,0.624433
-0.157315,0.761191,-0.079310,0.624140
-0.154124,0.762010,-0.077700,0.624139
-0.149336,0.763079,-0.073868,0.624462
-0.146150,0.763752,-0.070296,0.624806
-0.144245,0.764145,-0.068082,0.625013
-0.143492,0.764341,-0.067412,0.625020
-0.144544,0.764243,-0.067964,0.624837
-0.146696,0.763972,-0.069183,0.624533
-0.148181,0.763820,-0.070214,0.624252
-0.148792,0.763837,-0.070725,0.624029
-0.148243,0.764017,-0.070459,0.623969
-0.147448,0.764216,-0.069855,0.623982
-0.147529,0.764235,-0.069629,0.623965
-0.147430,0.764287,-0.070025,0.623880
-0.147115,0.764369,-0.070361,0.623816
-0.148215,0.764218,-0.070798,0.623691
-0.150282,0.763885,-0.072092,0.623457
-0.152226,0.763603,-0.074279,0.623074
-0.152420,0.763659,-0.075652,0.622792
-0.150600,0.764076,-0.075146,0.622785
-0.149037,0.764400,-0.073580,0.622950
-0.149031,0.764423,-0.072696,0.623027
-0.149871,0.764302,-0.073441,0.622887
-0.150822,0.764196,-0.075049,0.622595
-0.151710,0.764108,-0.075758,0.622402
-0.152564,0.764004,-0.075764,0.622321
-0.152767,0.763972,-0.075499,0.622342
-0.152875,0.763949,-0.075330,0.622364
-0.153220,0.763882,-0.075472,0.622345
-0.153041,0.763901,-0.075396,0.622374
-0.152465,0.764003,-0.074938,0.622445
-0.152216,0.764031,-0.074678,0.622503
-0.152483,0.763981,-0.074877,0.622475
-0.152778,0.763938,-0.075284,0.622407
-0.153094,0.763884,-0.075528,0.622366
-0.152962,0.763914,-0.075469,0.622368
-0.152362,0.764032,-0.075085,0.622417
-0.151874,0.764128,-0.074728,0.622462
-0.151946,0.764120,-0.074708,0.622457
-0.152370,0.764053,-0.075100,0.622388
-0.153044,0.763947,-0.075691,0.622281
-0.153462,0.763892,-0.076059,0.622201
-0.152902,0.764000,-0.075915,0.622223
-0.152311,0.764112,-0.075409,0.622293
-0.153717,0.763833,-0.075334,0.622299
-0.156355,0.763322,-0.076556,0.622119
-0.157877,0.763030,-0.078298,0.621876
-0.157842,0.763033,-0.078782,0.621820
-0.157014,0.763149,-0.077974,0.621989
-0.156003,0.763279,-0.077138,0.622188
-0.155576,0.763295,-0.076961,0.622298
-0.155664,0.763251,-0.077520,0.622259
-0.155411,0.763289,-0.077935,0.622224
-0.154657,0.763424,-0.077640,0.622284
-0.154076,0.763524,-0.076804,0.622409
-0.154230,0.763486,-0.076476,0.622458
-0.154573,0.763431,-0.076644,0.622419
-0.154690,0.763442,-0.076877,0.622349
-0.154612,0.763472,-0.076797,0.622341
-0.154304,0.763548,-0.076491,0.622362
-0.153962,0.763629,-0.076111,0.622394
-0.153933,0.763651,-0.075911,0.622399
-0.154050,0.763662,-0.076017,0.622343
-0.154204,0.763667,-0.076295,0.622264
-0.154324,0.763666,-0.076517,0.622209
-0.154279,0.763709,-0.076773,0.622135
-0.154264,0.763741,-0.076889,0.622085
-0.154185,0.763769,-0.076954,0.622063
-0.153947,0.763808,-0.077040,0.622063
-0.153683,0.763852,-0.077387,0.622031
-0.153550,0.763887,-0.077674,0.621986
-0.153822,0.763856,-0.078107,0.621903
-0.153950,0.763841,-0.078406,0.621852
-0.153597,0.763902,-0.078551,0.621845
-0.153181,0.763959,-0.078325,0.621907
-0.153253,0.763908,-0.078128,0.621976
-0.153426,0.763815,-0.078248,0.622033
-0.153735,0.763684,-0.078665,0.622064
-0.154042,0.763575,-0.078968,0.622084
-0.153994,0.763530,-0.079020,0.622145
-0.153604,0.763546,-0.078763,0.622254
-0.153392,0.763523,-0.078347,0.622387
-0.153384,0.763463,-0.078273,0.622472
-0.153380,0.763406,-0.078273,0.622543
-0.153354,0.763376,-0.078178,0.622598
-0.153140,0.763376,-0.077805,0.622697
-0.152806,0.763414,-0.077253,0.622801
-0.152648,0.763429,-0.076729,0.622886
-0.152681,0.763417,-0.076400,0.622934
-0.152853,0.763400,-0.076291,0.622925
-0.153099,0.763373,-0.076021,0.622932
-0.153433,0.763340,-0.075698,0.622929
-0.153684,0.763326,-0.075439,0.622916
-0.153693,0.763383,-0.074984,0.622898
-0.153498,0.763474,-0.074237,0.622924
-0.153677,0.763472,-0.073768,0.622938
-0.154478,0.763372,-0.073746,0.622865
-0.155245,0.763283,-0.073967,0.622757
-0.156239,0.763161,-0.073769,0.622682
-0.157252,0.763018,-0.073157,0.622675
-0.158069,0.762897,-0.072285,0.622717
-0.158234,0.762873,-0.071441,0.622802
-0.158110,0.762915,-0.070667,0.622871
-0.158030,0.762955,-0.070227,0.622892
-0.158471,0.762944,-0.070173,0.622800
-0.158655,0.762994,-0.070441,0.622661
-0.158547,0.763121,-0.070336,0.622544
-0.158123,0.763308,-0.069862,0.622477
-0.157885,0.763462,-0.069303,0.622411
-0.157995,0.763586,-0.069234,0.622239
-0.158341,0.763661,-0.069592,0.622018
-0.158816,0.763746,-0.070029,0.621745
-0.159324,0.763795,-0.070317,0.621521
-0.159958,0.763832,-0.070532,0.621289
-0.160557,0.763844,-0.070612,0.621110
-0.161128,0.763864,-0.070752,0.620921
-0.161476,0.763879,-0.070734,0.620815
-0.161600,0.763939,-0.070793,0.620703
-0.161528,0.763989,-0.070800,0.620658
-0.162403,0.763867,-0.071028,0.620554
-0.164046,0.763574,-0.071861,0.620387
-0.165520,0.763321,-0.073155,0.620156
-0.165633,0.763318,-0.073692,0.620066
-0.164778,0.763488,-0.073114,0.620152
-0.163475,0.763713,-0.072351,0.620309
-0.162251,0.763907,-0.071858,0.620450
-0.161781,0.763994,-0.072215,0.620424
-0.161613,0.764047,-0.073172,0.620290
-0.161416,0.764123,-0.073920,0.620159
-0.160899,0.764258,-0.074330,0.620078
-0.160657,0.764348,-0.074493,0.620010
-0.160495,0.764437,-0.074884,0.619895
-0.160438,0.764497,-0.075145,0.619805
-0.160958,0.764464,-0.075614,0.619653
-0.161556,0.764401,-0.076191,0.619505
-0.162004,0.764342,-0.076520,0.619419
-0.162111,0.764329,-0.076503,0.619410
-0.162615,0.764202,-0.076174,0.619475
-0.163415,0.764015,-0.076031,0.619513
-0.164122,0.763838,-0.076239,0.619519
-0.164394,0.763734,-0.076589,0.619532
-0.164232,0.763696,-0.076611,0.619619
-0.164034,0.763642,-0.076327,0.619772
-0.163627,0.763627,-0.076069,0.619931
-0.163034,0.763656,-0.075800,0.620084
-0.163097,0.763585,-0.075715,0.620166
-0.163296,0.763504,-0.075714,0.620213
-0.162821,0.763570,-0.075685,0.620259
-0.161747,0.763747,-0.075217,0.620379
-0.161114,0.763852,-0.074758,0.620471
-0.160766,0.763908,-0.074518,0.620521
-0.160888,0.763886,-0.074546,0.620513
-0.161520,0.763776,-0.074778,0.620456
-0.162128,0.763681,-0.074828,0.620409
-0.162660,0.763610,-0.074963,0.620341
-0.163121,0.763557,-0.074978,0.620283
-0.163369,0.763560,-0.074977,0.620215
-0.163325,0.763607,-0.074697,0.620202
-0.163476,0.763599,-0.074268,0.620223
-0.163637,0.763590,-0.074173,0.620203
-0.164036,0.763556,-0.074216,0.620134
-0.164537,0.763480,-0.074256,0.620090
-0.164842,0.763461,-0.074318,0.620026
-0.164917,0.763462,-0.074189,0.620019
-0.164707,0.763533,-0.073870,0.620026
-0.164243,0.763658,-0.073728,0.620012
-0.164054,0.763733,-0.073653,0.619979
-0.163841,0.763849,-0.074050,0.619845
-0.163520,0.763983,-0.074404,0.619722
-0.163103,0.764148,-0.074462,0.619622
-0.162909,0.764232,-0.074262,0.619593
-0.162717,0.764301,-0.074047,0.619584
-0.162737,0.764326,-0.074002,0.619554
-0.162773,0.764358,-0.074143,0.619488
-0.162824,0.764393,-0.074397,0.619401
-0.162801,0.764455,-0.074746,0.619288
-0.162298,0.764592,-0.074745,0.619251
-0.161241,0.764844,-0.074418,0.619255
-0.160319,0.765050,-0.073798,0.619314
-0.159930,0.765176,-0.073358,0.619311
-0.160036,0.765234,-0.073245,0.619226
-0.159956,0.765356,-0.073175,0.619105
-0.159892,0.765457,-0.072878,0.619030
-0.159790,0.765581,-0.072663,0.618929
-0.159745,0.765664,-0.072483,0.618859
-0.159623,0.765765,-0.072278,0.618790
-0.159761,0.765799,-0.072058,0.618738
-0.160155,0.765807,-0.072155,0.618615
-0.160421,0.765832,-0.072402,0.618486
-0.160549,0.765906,-0.072495,0.618350
-0.160575,0.765972,-0.072516,0.618259
-0.160594,0.766035,-0.072655,0.618160
-0.161019,0.766001,-0.072939,0.618058
-0.161503,0.765953,-0.073141,0.617967
-0.161515,0.765968,-0.073098,0.617950
-0.161276,0.766025,-0.072492,0.618014
-0.161029,0.766082,-0.072001,0.618065
-0.160979,0.766117,-0.071714,0.618068
-0.161214,0.766119,-0.072018,0.617969
-0.161237,0.766145,-0.072162,0.617913
-0.160979,0.766225,-0.071994,0.617902
-0.160829,0.766273,-0.071760,0.617908
-0.160614,0.766342,-0.071779,0.617877
-0.160434,0.766417,-0.072003,0.617804
-0.160372,0.766502,-0.072517,0.617655
-0.160038,0.766625,-0.072778,0.617558
-0.159597,0.766784,-0.072785,0.617473
-0.159684,0.766827,-0.072464,0.617435
-0.160060,0.766809,-0.072131,0.617400
-0.160251,0.766809,-0.072016,0.617363
-0.160522,0.766810,-0.072135,0.617278
-0.160741,0.766820,-0.072276,0.617191
-0.161087,0.766830,-0.072315,0.617084
-0.161114,0.766888,-0.072275,0.617010
-0.160899,0.767011,-0.071975,0.616949
-0.160261,0.767192,-0.071246,0.616974
-0.159485,0.767411,-0.070284,0.617013
-0.159093,0.767565,-0.069906,0.616966
-0.158707,0.767759,-0.069847,0.616831
-0.158659,0.767901,-0.069968,0.616652
-0.159046,0.768004,-0.070145,0.616405
-0.159361,0.768105,-0.070532,0.616153
-0.159293,0.768317,-0.071220,0.615827
-0.158951,0.768560,-0.071664,0.615560
-0.158620,0.768831,-0.072237,0.615240
-0.158727,0.768983,-0.073018,0.614931
-0.159213,0.769102,-0.074182,0.614517
-0.159498,0.769216,-0.075236,0.614172
-0.159617,0.769337,-0.076018,0.613892
-0.159550,0.769489,-0.076829,0.613618
-0.159573,0.769596,-0.077388,0.613408
-0.159885,0.769651,-0.078085,0.613170
-0.160081,0.769699,-0.078703,0.612979
-0.160577,0.769688,-0.079233,0.612795
-0.161157,0.769627,-0.079532,0.612681
-0.161703,0.769553,-0.079935,0.612577
-0.161956,0.769507,-0.080046,0.612554
-0.162170,0.769437,-0.080079,0.612581
-0.162299,0.769356,-0.080010,0.612658
-0.162498,0.769243,-0.079919,0.612758
-0.162733,0.769129,-0.079944,0.612836
-0.162742,0.769059,-0.079813,0.612938
-0.161958,0.769142,-0.079285,0.613110
-0.160623,0.769323,-0.078116,0.613384
-0.159567,0.769451,-0.077055,0.613633
-0.158841,0.769534,-0.076259,0.613818
-0.158728,0.769548,-0.075984,0.613863
-0.159071,0.769517,-0.075832,0.613831
-0.159414,0.769490,-0.075491,0.613819
-0.159620,0.769466,-0.074836,0.613876
-0.159996,0.769394,-0.074326,0.613930
-0.160890,0.769221,-0.074207,0.613927
-0.161477,0.769099,-0.074298,0.613915
-0.161838,0.769019,-0.074461,0.613900
-0.162361,0.768904,-0.074415,0.613912
-0.162597,0.768827,-0.074239,0.613967
-0.162090,0.768900,-0.074130,0.614023
